Workbook

Sheet 封面
A1: 苏南运河干（支）线数字化转型升级项目施工项目（SZH-SNSG5标段）
A4: 工程量清单
A6: 招 标 人： | B6: 江苏省交通运输厅港航事业发展中心
A7: 投 标 人： | D7: （电子签章）
A8: 编制时间：

Sheet 说明
A1: 工程量清单说明
A2: 项目名称：苏南运河干（支）线数字化转型升级项目施工项目（SZH-SNSG5标段）
A3: 1.本工程量清单应与招标文件中的投标人须知、通用合同条款、专用合同条款、工程量清单计量规则、技术规范及图纸等一起阅读和理解。
A4: 2.工程量清单中所列工程量的变动，丝毫不会降低或影响合同条款的效力，也不免除承包人按规定的标准进行施工和修复缺陷的责任。
A5: 3.图纸中所列的工程数量表及数量汇总表仅是提供资料，不是工程量清单的外延。当图纸与工程量清单所列数量不一致时，以工程量清单所列数量作为报价的依据。
A6: 4.承包人负责与供电部门协调沟通，负责点位开户挂电表，含供电线路、相关接入设备、设备安装调试、架空或埋地线路等工作量，至交工验收后5年内的合同范围内所有设备系统运行等所发生的电费由承包人承担，上述费用均含在相关细目报价中，不单独计量与支付。
A7: 5.承包人负责网络的接入工作，含通信光缆、相关接入设备、设备安装调试、架空或埋地线路等工作量，至交工验收后5年内的网络租赁和使用费应由承包人承担，具体数量及要求详见设计文件，上述费用均含在相关细目报价中，不单独计量与支付。
A8: 6.杆件（立杆）费用中包含点位所需设备与杆件运输、杆件施工、辅材配件采购、线缆线路敷设、设备及配件安装、绿化破坏补偿恢复等全部费用。
A9: 7.对于工程量清单中所有为完成相关设备或系统安装和调试所需的、但未在工程量清单中列出的辅材(包括设备安装附件、跳纤、尾纤、插头、接头等)，费用包含在清单单价或总价中。
A10: 8.工程量清单中各项金额均以人民币（元）结算。

Sheet 汇总
A1: 汇总表
A2: =说明!A2 -> 项目名称：苏南运河干（支）线数字化转型升级项目施工项目（SZH-SNSG5标段）
A3: 序号 | B3: 项目名称 | C3: 金额（元）
A4: 一 | B4: 数据工程费 | C4: =SUM(工程量清单!G7:G10) -> 0
A5: 二 | B5: 设备购置及安装调试费 | C5: =SUM(工程量清单!G15:G308) -> 0
A6: 三 | B6: 工程其他费用 | C6: =SUM(工程量清单!G310:G311) -> 0
A7: 四 | B7: 清单小计 | C7: =ROUND(SUM(C4:C6),0) -> 0
A8: 五 | B8: 暂列金（3%） | C8: =ROUND(C7*3%,0) -> 0
A9: 六 | B9: 安全生产费（1.5%） | C9: =ROUND(19190000*1.5%,0) -> 287850
A10: 七 | B10: 工伤保险费（3‰） | C10: =ROUND(19190000*0.3%,0) -> 57570
A11: 总计 | C11: =SUM(C7:C10) -> 345420
B13: 投标人： | C13: （电子签章）
B15: 法定代表人或其授权代理人： | C15: （电子签章）
B17: 日期：

Sheet 工程量清单
A1: 工程量清单
A2: =说明!A2 -> 项目名称：苏南运河干（支）线数字化转型升级项目施工项目（SZH-SNSG5标段）
A3: 序号 | B3: 项目名称 | C3: 主要建设内容 | D3: 单位 | E3: 数量 | F3: 单价 （元） | G3: 小计 （元） | H3: 备注
A4: 一 | B4: 数据工程费
A5: 1.1 | B5: 智慧船闸
A6: 1.1.1 | B6: 航道数字孪生数据
A7: 1.1.1.1 | B7: 辖区内苏南运河航道采集建模（含护岸、桥梁、航标等粗模） | C7: 航道采集建模宽度0.4km | D7: 公里 | E7: 82 | G7: =ROUND(E7*F7,2) -> 0
A8: 1.1.2 | B8: 与省市系统对接 | D8: 项 | E8: 1 | G8: =ROUND(E8*F8,2) -> 0
A9: 1.2 | B9: 智慧水上服务区
A10: 1.2.1 | B10: 与省市系统对接 | D10: 项 | E10: 1 | G10: =ROUND(E10*F10,2) -> 0
A11: 二 | B11: 设备购置费
A12: 2.1 | B12: 智慧船闸
A13: 2.1.1 | B13: 张家港二号闸
A14: 2.1.1.1 | B14: 远调站船舶吃水、超高检测设备
A15: （1） | B15: 检测相机 | C15: 具体技术要求： 1、不低于400万像素； 2、宽动态：不低于120 dB； 3、最低照度：彩色模式：≤0.0005lx，黑白模式：≤0.0001lx； 4、传感器类型：不小于1/1.8英寸CMOS； 5、焦距：不小于2.8~12 mm，拍摄距离满足本项目检测距离需求； 6、补光：混光（红外+暖白），不低于4颗灯珠，补光距离不小于50m，具备补光自适应功能； 7、视频压缩标准：H.265/H.264/MJPEG； 8、网络：具备RJ45 10 M/100 M/1000 M自适应以太网口、RS-485接口； 9、报警：具备掉线、遮挡报警等功能，提供SDK包二次开发使用； 10、报警信号联动：不少于3路输入、2路输出； 11、具有独立的IP地址，可以直接接入以太网络，并可以通过客户端自动搜索IP地址； 12、供电方式：支持DC12V/PoE供电，具备防反接保护； 13、功能：内置GPU，具备防抖、降噪、加热、除湿等功能，具备防雷、防浪涌保护； 14、工作温湿度：温度不低于-30 °C~60 °C，湿度不低于5%~95%@40℃，无凝结； 15、防护：不低于IP66； 16、含接地、安装支架等配套设备。 17、含五年原厂质保 | D15: 台 | E15: 2 | G15: =ROUND(E15*F15,2) -> 0
A16: （2） | B16: 抓拍相机 | C16: 具体技术要求： 1、不低于800万像素； 2、采用不小于1英寸CMOS； 3、视频采用H.265、H.264或MJPEG编码； 4、图像控制：曝光速度、AGC控制、白平衡方式控制等； 5、压缩输出码率：不低于32 Kbps~16 Mbps； 6、镜头规格：25mm，拍摄距离满足本项目抓拍距离需求； 7、快门速度是 50us到9000us； 8、光圈类型：自动光圈或手动光圈（支持远程调节）； 9、触发输出：不少于4路F+/F-输出接口，作为补光灯同步输出控制； 10、触发输入：不少于1路触发/报警输入； 11、补光：暖白光，不低于3颗灯珠，补光距离不小于40米；具备补光自适应功能； 12、功能：内置GPU，具备防抖、降噪、加热、除湿等功能，具备防雷、防浪涌保护； 13、通讯接口：具备RJ45 10 M/100 M/1000 M自适应以太网口、RS-485接口； 14、报警：具备掉线、遮挡报警等功能，提供SDK包二次开发使用； 15、具有独立的IP地址，可以直接接入以太网络，并可以通过客户端自动搜索IP地址； 16、工作温湿度：温度不低于-30 °C~70 °C，湿度不低于5%~95%@40℃，无凝结； 17、防护：不低于IP66； 18、含接地、安装支架等配套设备； 19、五年原厂质保 | D16: 台 | E16: 2 | G16: =ROUND(E16*F16,2) -> 0
A17: （3） | B17: 长距激光雷达 | C17: 具体技术要求： 1、单帧线束：不低于128线； 2、激光波长：不低于905nm； 3、探测范围：不弱于1.5~400m； 4、探测距离：最远探测距离400m ，在10%反射率条件下≥250m； 5、视场角：不低于(H*V) 120°X 18°； 6、角分辨率：不高于(H*V)0.16°* 0.17°； 7、防水及防尘等级：IP67； 8、测距精度：土3cm(1σ)； 9、帧率：5~20FPS，可调节； 10、工作温度： -40℃~85℃； 11、储存温度：-40℃~105℃； 12、人眼安全等级：Class1(IEC-60825)； 13、额定电压：12/24V DC； 14、额定功率：<20w； 15、数据传输接口：1000Base-T1以太网； 16、点云扫描点频：不低于80万点/秒； 17、时间同步：具备网络时间同步功能； 18、五年原厂质保 | D17: 台 | E17: 2 | G17: =ROUND(E17*F17,2) -> 0
A18: （4） | B18: 补光灯 | C18: 具体技术要求： 1、灯珠：不少于24颗LED光源； 2、补光方式：支持LED频闪、LED爆闪、白光气体爆闪及红外气体爆闪四种补光方式； 3、光源波长：混合光源（红外+暖白光）； 4、发光角度：满足相机实际使用需求； 5、最佳投射距离：不低于20米，满足实际抓拍补光要求； 6、亮度调节： 自动控制； 7、工作环境温度：不低于-30℃ - 60℃； 8、工作环境湿度：湿度小于95%，无凝结； 9、外壳材质：金属铝； 10、防护等级：不低于IP66； 11、安装方式：万向节等安装方式，含安装支架等辅材。 | D18: 台 | E18: 2 | G18: =ROUND(E18*F18,2) -> 0
A19: （5） | B19: AIS接收设备 | C19: 频率范围：156.025MHz~162.025MHz； 信道带宽：25KHz(默认)/12.5kHz； AIS接收机灵敏度：≤-110dBm（20%误包率） 接收范围：≥2km 接口：支持RS232或RS485。 | D19: 台 | E19: 2 | G19: =ROUND(E19*F19,2) -> 0
A20: （6） | B20: 船舶超高.吃水检测计算单元 | C20: 具体技术要求： 1、处理器：单颗处理器，核心数≥20核，主频≥2.0GHz；国产自主可控； 2、内存：≥128GB DDR4，≥2666MHz； 3、硬盘：≥1块SATA SSD 960G硬盘； 4、GPU：显存≥8G，TFLOPS≥242； 5、接口：≥2个千兆网口； 6、工作温度：-10 ~ 60 °C； 6、适用于船闸运行环境，无故障运行时间不低于1万小时； 8、含功能算法，具体技术要求见设计说明书。 9、硬件5年原厂质保。 | D20: 台 | E20: 2 | G20: =ROUND(E20*F20,2) -> 0
A21: （7） | B21: 8米立杆 | C21: 含杆件、横臂、基础、接地及安装配件等 | D21: 根 | E21: 2 | G21: =ROUND(E21*F21,2) -> 0
A22: （8） | B22: 智能机箱（摄像机） | C22: 机箱规格 1.机箱尺寸（净容积） 视频监控机箱：净容积不低于 高 600×宽 500×深 250（mm） 2.机箱材质：不低于1.2mm厚镀锌钢板，机箱表面静电喷塑处理 柜体参数 3.工作环境温度 -20℃～70℃ 4.智能机箱门锁：配置电子锁具，支持远程网络开锁和机械开锁功能 5.状态采集：配置有状态采集装置，能够实现电源状态、网络状态、开关门状态、温湿度和漏电等运行环境基本数据采集； 6.开门抓拍装置：内置摄像头和补光灯，具备开门抓拍功能； 7.散热：箱侧配置不少于2个120mm×120mm成品防尘散热格栅及对应温控风扇； 8.配电装置：机箱配置DIN导轨配电单元，配有微型断路器、40kA通流量单相电源防雷保护装置、接地汇流装置和2位交流电源； 基本功能 9.负载控制：提供不少于4路可控输出，每路负载电源具备独立控制和独立重启功能； 10.电力参数采集：可监测不少于4路负载电源状态，实时采集每路负载电压、电流等参数并显示在后台系统； 11.报警和定位：具备供电供网异常、漏电和箱门开启等报警功能，具备BDS定位功能； 13.机箱外壳防护：防护等级不低于IP55； 14.网络安全：具有内外网络安全隔离网闸功能； 15.数据上传：机箱采集数据能够上传省港航机箱管理系统平台； 16.5年原厂质保 | D22: 套 | E22: 2 | G22: =ROUND(E22*F22,2) -> 0
A23: （9） | B23: 工业以太网交换机（含光模块） | C23: 全网管二层工业交换机 满足国产自主可控； 千兆电口：≥5; 千兆光口（含光模块）:≥2； 交换容量：≥20G； 包转发率：≥14.88 Mpps； 工作温度：-40℃ ~ +75℃ ； 支持VLAN，支持流量控制；支持QOS，支持SNMP 网管，支持链路聚合 | D23: 台 | E23: 4 | G23: =ROUND(E23*F23,2) -> 0
A24: （10） | B24: 安装调试、附件及辅材 | C24: 包括安装、调试，相关线缆、防雷装置等附件，以及相关辅材等所有其他费用 | D24: 项 | E24: 1 | G24: =ROUND(E24*F24,2) -> 0
A25: 2.1.1.2 | B25: 船名船号、数量识别设备
A26: （1） | B26: 检测相机 | C26: 具体技术要求： 1、不低于400万像素； 2、宽动态：不低于120 dB； 3、最低照度：彩色模式：≤0.0005lx，黑白模式：≤0.0001lx； 4、传感器类型：不小于1/1.8英寸CMOS； 5、焦距：不小于2.8~12 mm，拍摄距离满足本项目检测距离需求； 6、补光：混光（红外+暖白），不低于4颗灯珠，补光距离不小于50m，具备补光自适应功能； 7、视频压缩标准：H.265/H.264/MJPEG； 8、网络：具备RJ45 10 M/100 M/1000 M自适应以太网口、RS-485接口； 9、报警：具备掉线、遮挡报警等功能，提供SDK包二次开发使用； 10、报警信号联动：不少于3路输入、2路输出； 11、具有独立的IP地址，可以直接接入以太网络，并可以通过客户端自动搜索IP地址； 12、供电方式：支持DC12V/PoE供电，具备防反接保护； 13、功能：内置GPU，具备防抖、降噪、加热、除湿等功能，具备防雷、防浪涌保护； 14、工作温湿度：温度不低于-30 °C~60 °C，湿度不低于5%~95%@40℃，无凝结； 15、防护：不低于IP66； 16、含接地、安装支架等配套设备。 17、含五年原厂质保 | D26: 台 | E26: 2 | G26: =ROUND(E26*F26,2) -> 0
A27: （2） | B27: 抓拍相机 | C27: 具体技术要求： 1、不低于800万像素； 2、采用不小于1英寸CMOS； 3、视频采用H.265、H.264或MJPEG编码； 4、图像控制：曝光速度、AGC控制、白平衡方式控制等； 5、压缩输出码率：不低于32 Kbps~16 Mbps； 6、镜头规格：25mm，拍摄距离满足本项目抓拍距离需求； 7、快门速度是 50us到9000us； 8、光圈类型：自动光圈或手动光圈（支持远程调节）； 9、触发输出：不少于4路F+/F-输出接口，作为补光灯同步输出控制； 10、触发输入：不少于1路触发/报警输入； 11、补光：暖白光，不低于3颗灯珠，补光距离不小于40米；具备补光自适应功能； 12、功能：内置GPU，具备防抖、降噪、加热、除湿等功能，具备防雷、防浪涌保护； 13、通讯接口：具备RJ45 10 M/100 M/1000 M自适应以太网口、RS-485接口； 14、报警：具备掉线、遮挡报警等功能，提供SDK包二次开发使用； 15、具有独立的IP地址，可以直接接入以太网络，并可以通过客户端自动搜索IP地址； 16、工作温湿度：温度不低于-30 °C~70 °C，湿度不低于5%~95%@40℃，无凝结； 17、防护：不低于IP66； 18、含接地、安装支架等配套设备； 19、五年原厂质保 | D27: 台 | E27: 4 | G27: =ROUND(E27*F27,2) -> 0
A28: （3） | B28: 船舶身份.数量识别计算单元 | C28: 具体技术要求： 1、处理器：单颗处理器，核心数≥8核，主频≥2.2GHz，并与算法匹配；国产自主可控； 2、内存：≥32GB DDR4； 3、硬盘：存储≥512G； 4、GPU：显存≥8GB，AI算力 ≥100 TOPS INT8； 5、接口：≥4个千兆自适应以太网口； 6、工作温度：-10℃~60℃； 7、适用于船闸运行环境，无故障运行时间不低于1万小时； 8、含功能算法，具体技术要求见设计说明书。 9、硬件5年原厂质保。 | D28: 套 | E28: 1 | G28: =ROUND(E28*F28,2) -> 0
A29: （4） | B29: 补光灯 | C29: 具体技术要求： 1、灯珠：不少于24颗LED光源； 2、补光方式：支持LED频闪、LED爆闪、白光气体爆闪及红外气体爆闪四种补光方式； 3、光源波长：混合光源（红外+暖白光）； 4、发光角度：满足相机实际使用需求； 5、最佳投射距离：不低于20米，满足实际抓拍补光要求； 6、亮度调节： 自动控制； 7、工作环境温度：不低于-30℃ - 60℃； 8、工作环境湿度：湿度小于95%，无凝结； 9、外壳材质：金属铝； 10、防护等级：不低于IP66； 11、安装方式：万向节等安装方式，含安装支架等辅材。 | D29: 台 | E29: 4 | G29: =ROUND(E29*F29,2) -> 0
A30: （5） | B30: AIS接收设备 | C30: 频率范围：156.025MHz~162.025MHz； 信道带宽：25KHz(默认)/12.5kHz； AIS接收机灵敏度：≤-110dBm（20%误包率） 接收范围：≥2km 接口：支持RS232或RS485。 | D30: 台 | E30: 1 | G30: =ROUND(E30*F30,2) -> 0
A31: （6） | B31: 工业以太网交换机（含光模块） | C31: 全网管二层工业交换机 满足国产自主可控； 千兆电口：≥5; 千兆光口（含光模块）:≥2； 交换容量：≥20G； 包转发率：≥14.88 Mpps； 工作温度：-40℃ ~ +75℃ ； 支持VLAN，支持流量控制；支持QOS，支持SNMP 网管，支持链路聚合 | D31: 台 | E31: 8 | G31: =ROUND(E31*F31,2) -> 0
A32: （7） | B32: 6.5米立杆 | C32: 含杆件、横臂、基础、接地及安装配件等 | D32: 根 | E32: 2 | G32: =ROUND(E32*F32,2) -> 0
A33: （8） | B33: 8米立杆 | C33: 含杆件、横臂、基础、接地及安装配件等 | D33: 根 | E33: 2 | G33: =ROUND(E33*F33,2) -> 0
A34: （9） | B34: 智能机箱（摄像机） | C34: 机箱规格 1.机箱尺寸（净容积） 视频监控机箱：净容积不低于 高 600×宽 500×深 250（mm） 2.机箱材质：不低于1.2mm厚镀锌钢板，机箱表面静电喷塑处理 柜体参数 3.工作环境温度 -20℃～70℃ 4.智能机箱门锁：配置电子锁具，支持远程网络开锁和机械开锁功能 5.状态采集：配置有状态采集装置，能够实现电源状态、网络状态、开关门状态、温湿度和漏电等运行环境基本数据采集； 6.开门抓拍装置：内置摄像头和补光灯，具备开门抓拍功能； 7.散热：箱侧配置不少于2个120mm×120mm成品防尘散热格栅及对应温控风扇； 8.配电装置：机箱配置DIN导轨配电单元，配有微型断路器、40kA通流量单相电源防雷保护装置、接地汇流装置和2位交流电源； 基本功能 9.负载控制：提供不少于4路可控输出，每路负载电源具备独立控制和独立重启功能； 10.电力参数采集：可监测不少于4路负载电源状态，实时采集每路负载电压、电流等参数并显示在后台系统； 11.报警和定位：具备供电供网异常、漏电和箱门开启等报警功能，具备BDS定位功能； 13.机箱外壳防护：防护等级不低于IP55； 14.网络安全：具有内外网络安全隔离网闸功能； 15.数据上传：机箱采集数据能够上传省港航机箱管理系统平台； 16.5年原厂质保 | D34: 套 | E34: 4 | G34: =ROUND(E34*F34,2) -> 0
A35: （10） | B35: 安装调试、附件及辅材 | C35: 包括安装、调试，相关线缆、防雷装置等附件，以及相关辅材等所有其他费用 | D35: 项 | E35: 1 | G35: =ROUND(E35*F35,2) -> 0
A36: 2.1.1.3 | B36: 系缆安全监测设备 | C36: 实现对闸室内首尾档船舶的系换缆识别
A37: （1） | B37: 系缆检测枪机 | C37: 具体技术要求： 1、双通道相机，通道1不低于800万像素，通道2不低于400万像素； 2、宽动态：不低于120 dB； 3、最低照度：通道1：0.001lux（彩色模式）；0.0001lux（黑白模式）；通道2：0.002lux（彩色模式）；0.0002lux（黑白模式）； 4、传感器类型：通道1：不小于1/1.8英寸 CMOS；通道2：不小于1/2.5英寸CMOS； 5、焦距：通道1：不小于10~50mm；通道2：不小于3.6mm；拍摄距离满足本项目检测距离需求； 6、补光：通道1：混合补光，不低于5颗灯珠，补光距离不小于80m；通道2：混合补光，补光距离不小于30m；具备补光自适应功能； 7、视频压缩标准：H.265/H.264/MJPEG； 8、网络：具备RJ45 10 M/100 M/1000 M自适应以太网口、RS-485接口； 9、报警：具备掉线、遮挡报警等功能，提供SDK包开发使用； 10、报警信号联动：不少于3路输入、2路输出； 11、具有独立的IP地址，可以直接接入以太网络，并可以通过客户端自动搜索IP地址； 12、报警信号联动：具备报警输入、输出； 13、工作温湿度：温度不低于-30 °C~60 °C，湿度不低于5%~95%@40℃，无凝结； 14、防护：不低于IP66； 15、含接地、安装支架等配套设备。 16、五年原厂质保 | D37: 台 | E37: 4 | G37: =ROUND(E37*F37,2) -> 0
A38: （2） | B38: 6.5米立杆 | C38: 含杆件、横臂、基础、接地及安装配件等 | D38: 根 | E38: 4 | G38: =ROUND(E38*F38,2) -> 0
A39: （3） | B39: 系换缆状态监测计算单元 | C39: 具体技术要求： 1、处理器：单颗处理器，核心数≥8核，主频≥2.2GHz，并与算法匹配；国产自主可控； 2、内存：≥32GB DDR4； 3、硬盘：存储≥512G； 4、GPU：显存≥8GB，AI算力 ≥100 TOPS INT8； 5、接口：≥4个千兆自适应以太网口； 6、工作温度：-10℃~60℃； 7、适用于船闸运行环境，无故障运行时间不低于1万小时； 8、含功能算法，具体技术要求见设计说明书。 9、硬件5年原厂质保。 | D39: 套 | E39: 1 | G39: =ROUND(E39*F39,2) -> 0
A40: （4） | B40: 安装调试、附件及辅材 | C40: 包括安装、调试，相关线缆、防雷装置等附件，以及相关辅材等所有其他费用 | D40: 项 | E40: 1 | G40: =ROUND(E40*F40,2) -> 0
A41: 2.1.1.4 | B41: 船舶过闸航行状态监测设备 | C41: 实现对进闸及闸室内船舶的高度、数量、长宽、速度、吃水、位置、入档情况、跟艄距离以及闸室出空进行监测
A42: （1） | B42: 长距激光雷达 | C42: 具体技术要求： 1、单帧线束：不低于128线； 2、激光波长：不低于905nm； 3、探测范围：不弱于1.5~400m； 4、探测距离：最远探测距离400m ，在10%反射率条件下≥250m； 5、视场角：不低于(H*V) 120°X 18°； 6、角分辨率：不高于(H*V)0.16°* 0.17°； 7、防水及防尘等级：IP67； 8、测距精度：土3cm(1σ)； 9、帧率：5~20FPS，可调节； 10、工作温度： -40℃~85℃； 11、储存温度：-40℃~105℃； 12、人眼安全等级：Class1(IEC-60825)； 13、额定电压：12/24V DC； 14、额定功率：<20w； 15、数据传输接口：1000Base-T1以太网； 16、点云扫描点频：不低于80万点/秒； 17、时间同步：具备网络时间同步功能； 18、五年原厂质保 | D42: 套 | E42: 6 | G42: =ROUND(E42*F42,2) -> 0 | H42: 闸室中间2台，闸首向内两台，向外2台
A43: （2） | B43: 检测相机 | C43: 具体技术要求： 1、不低于400万像素； 2、宽动态：不低于120 dB； 3、最低照度：彩色模式：≤0.0005lx，黑白模式：≤0.0001lx； 4、传感器类型：不小于1/1.8英寸CMOS； 5、焦距：不小于2.8~12 mm，拍摄距离满足本项目检测距离需求； 6、补光：混光（红外+暖白），不低于4颗灯珠，补光距离不小于50m，具备补光自适应功能； 7、视频压缩标准：H.265/H.264/MJPEG； 8、网络：具备RJ45 10 M/100 M/1000 M自适应以太网口、RS-485接口； 9、报警：具备掉线、遮挡报警等功能，提供SDK包二次开发使用； 10、报警信号联动：不少于3路输入、2路输出； 11、具有独立的IP地址，可以直接接入以太网络，并可以通过客户端自动搜索IP地址； 12、供电方式：支持DC12V/PoE供电，具备防反接保护； 13、功能：内置GPU，具备防抖、降噪、加热、除湿等功能，具备防雷、防浪涌保护； 14、工作温湿度：温度不低于-30 °C~60 °C，湿度不低于5%~95%@40℃，无凝结； 15、防护：不低于IP66； 16、含接地、安装支架等配套设备。 17、含五年原厂质保 | D43: 套 | E43: 2 | G43: =ROUND(E43*F43,2) -> 0 | H43: 闸门外区域补盲
A44: （3） | B44: 船舶过闸航行状态监测计算单元 | C44: 具体技术要求： 1、处理器：单颗处理器，核心数≥20核，主频≥2.0GHz；国产自主可控； 2、内存：≥128GB DDR4，≥2666MHz； 3、硬盘：≥1块SATA SSD 960G硬盘； 4、GPU：显存≥8G，TFLOPS≥242； 5、接口：≥2个千兆网口； 6、工作温度：-10 ~ 60 °C； 6、适用于船闸运行环境，无故障运行时间不低于1万小时； 8、含功能算法，具体技术要求见设计说明书。 9、硬件5年原厂质保。 | D44: 套 | E44: 1 | G44: =ROUND(E44*F44,2) -> 0
A45: （4） | B45: 6.5米立杆 | C45: 含杆件、横臂、基础、接地及安装配件等 | D45: 根 | E45: 2 | G45: =ROUND(E45*F45,2) -> 0
A46: （5） | B46: 智能机箱（摄像机） | C46: 机箱规格 1.机箱尺寸（净容积） 视频监控机箱：净容积不低于 高 600×宽 500×深 250（mm） 2.机箱材质：不低于1.2mm厚镀锌钢板，机箱表面静电喷塑处理 柜体参数 3.工作环境温度 -20℃～70℃ 4.智能机箱门锁：配置电子锁具，支持远程网络开锁和机械开锁功能 5.状态采集：配置有状态采集装置，能够实现电源状态、网络状态、开关门状态、温湿度和漏电等运行环境基本数据采集； 6.开门抓拍装置：内置摄像头和补光灯，具备开门抓拍功能； 7.散热：箱侧配置不少于2个120mm×120mm成品防尘散热格栅及对应温控风扇； 8.配电装置：机箱配置DIN导轨配电单元，配有微型断路器、40kA通流量单相电源防雷保护装置、接地汇流装置和2位交流电源； 基本功能 9.负载控制：提供不少于4路可控输出，每路负载电源具备独立控制和独立重启功能； 10.电力参数采集：可监测不少于4路负载电源状态，实时采集每路负载电压、电流等参数并显示在后台系统； 11.报警和定位：具备供电供网异常、漏电和箱门开启等报警功能，具备BDS定位功能； 13.机箱外壳防护：防护等级不低于IP55； 14.网络安全：具有内外网络安全隔离网闸功能； 15.数据上传：机箱采集数据能够上传省港航机箱管理系统平台； 16.5年原厂质保 | D46: 套 | E46: 2 | G46: =ROUND(E46*F46,2) -> 0
A47: （6） | B47: 工业以太网交换机（含光模块） | C47: 全网管二层工业交换机 满足国产自主可控； 千兆电口：≥5; 千兆光口（含光模块）:≥2； 交换容量：≥20G； 包转发率：≥14.88 Mpps； 工作温度：-40℃ ~ +75℃； 支持VLAN，支持流量控制；支持QOS，支持SNMP 网管，支持链路聚合 | D47: 台 | E47: 2 | G47: =ROUND(E47*F47,2) -> 0
A48: （7） | B48: 安装调试、附件及辅材 | C48: 包括安装、调试，相关线缆、防雷装置等附件，以及相关辅材等所有其他费用 | D48: 项 | E48: 1 | G48: =ROUND(E48*F48,2) -> 0
A49: 2.1.1.5 | B49: 闸门区域运行检测
A50: (1) | B50: 检测相机 | C50: 具体技术要求： 1、不低于400万像素； 2、宽动态：不低于120 dB； 3、最低照度：彩色模式：≤0.0005lx，黑白模式：≤0.0001lx； 4、传感器类型：不小于1/1.8英寸CMOS； 5、焦距：不小于2.8~12 mm，拍摄距离满足本项目检测距离需求； 6、补光：混光（红外+暖白），不低于4颗灯珠，补光距离不小于50m，具备补光自适应功能； 7、视频压缩标准：H.265/H.264/MJPEG； 8、网络：具备RJ45 10 M/100 M/1000 M自适应以太网口、RS-485接口； 9、报警：具备掉线、遮挡报警等功能，提供SDK包二次开发使用； 10、报警信号联动：不少于3路输入、2路输出； 11、具有独立的IP地址，可以直接接入以太网络，并可以通过客户端自动搜索IP地址； 12、供电方式：支持DC12V/PoE供电，具备防反接保护； 13、功能：内置GPU，具备防抖、降噪、加热、除湿等功能，具备防雷、防浪涌保护； 14、工作温湿度：温度不低于-30 °C~60 °C，湿度不低于5%~95%@40℃，无凝结； 15、防护：不低于IP66； 16、含接地、安装支架等配套设备。 17、含五年原厂质保 | D50: 套 | E50: 2 | G50: =ROUND(E50*F50,2) -> 0
A51: (2) | B51: 闸门运行区域监测计算单元 | C51: 具体技术要求： 1、处理器：单颗处理器，核心数≥8核，主频≥2.2GHz，并与算法匹配；国产自主可控； 2、内存：≥32GB DDR4； 3、硬盘：存储≥512G； 4、GPU：显存≥8GB，AI算力 ≥100 TOPS INT8； 5、接口：≥4个千兆自适应以太网口； 6、工作温度：-10℃~60℃； 7、适用于船闸运行环境，无故障运行时间不低于1万小时； 8、含功能算法，具体技术要求见设计说明书。 9、硬件5年原厂质保。 | D51: 套 | E51: 1 | G51: =ROUND(E51*F51,2) -> 0
A52: (3) | B52: 安装调试、附件及辅材 | C52: 包括安装、调试，相关线缆、防雷装置等附件，以及相关辅材等所有其他费用 | D52: 项 | E52: 1 | G52: =ROUND(E52*F52,2) -> 0
A53: 2.1.1.6 | B53: 船闸全域视频监控
A54: （1） | B54: 室外遥控球型摄像机 | C54: 像素不低于400万 1.基础参数： 传感器类型：不小于1/1.8英寸CMOS； 最低照度：彩色：最低照度不高于0.0005Lux，黑白：最低照度不高于0.0001Lux； 光学变倍：不低于32倍； 2.镜头： 焦距：范围不小于6.0mm～192 mm； 聚焦模式：手动、自动； 最大光圈数：性能规格不低于F1.6； 3.补光 补光灯距离：不低于250m； 4.云台： 水平范围：360°； 垂直范围：范围不小于-15°～90°； 水平速度：不低于180°/s，水平预置位转速不低于 180°/s； 垂直速度：不低于75°/s，垂直预置位转速不低于 75°/s； 预置点：不少于300个； 5，视频 视频压缩标准：H.265；H.264；MJPEG； 6.图像 日夜转换模式：自动； 图像防抖：支持 图像增强：强光抑制； 宽动态：宽动态范围不小于120dB； 透雾：支持； 7.接口 网络接口：不少于1个RJ-45网口,自适应10M/100M网络数据； 8.其他 雨刷：支持； 防护等级：不低于IP66； 9.含5年原厂质保 | D54: 套 | E54: 2 | G54: =ROUND(E54*F54,2) -> 0
A55: （2） | B55: 室外固定枪式摄像机 | C55: 像素不低于400万 1.基础参数 传感器类型：不小于1/1.8英寸CMOS； 最低照度：彩色：最低照度不高于0.0005Lux，黑白：最低照度不高于0.0003Lux； 光学变倍：不低于4倍； 2.镜头 焦距：最小焦距8mm～11mm，最大焦距不小于32mm； 大光圈数：性能规格不低于F1.6； 3.补光 补光距离：不低于50m； 4.视频 视频压缩标准：H.265；H.264；MJPEG； 5.图像 日夜转换模式：自动； 图像增强：背光补偿，强光抑制，透雾，3D降噪； 图像防抖：支持 宽动态：宽动态范围不小于120dB； 透雾：支持； 强光抑制：支持； 6.接口 网络：不少于1个RJ-45网口，自适应10M/100M网络数据； 7.其他 防护：不低于IP66； 8.含5年原厂质保 | D55: 套 | E55: 2 | G55: =ROUND(E55*F55,2) -> 0
A56: （3） | B56: 15米立杆 | C56: 含杆件、支架、基础、接地及安装配件等 | D56: 根 | E56: 2 | G56: =ROUND(E56*F56,2) -> 0
A57: （4） | B57: 智能机箱（摄像机） | C57: 机箱规格 1.机箱尺寸（净容积） 视频监控机箱：净容积不低于 高 600×宽 500×深 250（mm） 2.机箱材质：不低于1.2mm厚镀锌钢板，机箱表面静电喷塑处理 柜体参数 3.工作环境温度 -20℃～70℃ 4.智能机箱门锁：配置电子锁具，支持远程网络开锁和机械开锁功能 5.状态采集：配置有状态采集装置，能够实现电源状态、网络状态、开关门状态、温湿度和漏电等运行环境基本数据采集； 6.开门抓拍装置：内置摄像头和补光灯，具备开门抓拍功能； 7.散热：箱侧配置不少于2个120mm×120mm成品防尘散热格栅及对应温控风扇； 8.配电装置：机箱配置DIN导轨配电单元，配有微型断路器、40kA通流量单相电源防雷保护装置、接地汇流装置和2位交流电源； 基本功能 9.负载控制：提供不少于4路可控输出，每路负载电源具备独立控制和独立重启功能； 10.电力参数采集：可监测不少于4路负载电源状态，实时采集每路负载电压、电流等参数并显示在后台系统； 11.报警和定位：具备供电供网异常、漏电和箱门开启等报警功能，具备BDS定位功能； 13.机箱外壳防护：防护等级不低于IP55； 14.网络安全：具有内外网络安全隔离网闸功能； 15.数据上传：机箱采集数据能够上传省港航机箱管理系统平台； 16.5年原厂质保 | D57: 台 | E57: 2 | G57: =ROUND(E57*F57,2) -> 0
A58: （5） | B58: 工业以太网交换机（含光模块） | C58: 全网管二层工业交换机 满足国产自主可控； 千兆电口：≥5; 千兆光口（含光模块）:≥2； 交换容量：≥20G； 包转发率：≥14.88 Mpps； 工作温度：-40℃ ~ +75℃ ； 支持VLAN，支持流量控制；支持QOS，支持SNMP 网管，支持链路聚合 | D58: 台 | E58: 4 | G58: =ROUND(E58*F58,2) -> 0
A59: （6） | B59: 船闸全域视频监控计算单元 | C59: 具体技术要求： 1、处理器：单颗处理器，核心数≥8核，主频≥2.2GHz，并与算法匹配；国产自主可控； 2、内存：≥32GB DDR4； 3、硬盘：存储≥512G； 4、GPU：显存≥8GB，AI算力 ≥100 TOPS INT8； 5、接口：≥4个千兆自适应以太网口； 6、工作温度：-10℃~60℃； 7、适用于船闸运行环境，无故障运行时间不低于1万小时； 8、含功能算法，具体技术要求见设计说明书。 9、硬件5年原厂质保。 | D59: 项 | E59: 1 | G59: =ROUND(E59*F59,2) -> 0
A60: （7） | B60: 安装调试、附件及辅材 | C60: 包括安装、调试，相关线缆、防雷装置等附件，以及相关辅材等所有其他费用 | D60: 项 | E60: 1 | G60: =ROUND(E60*F60,2) -> 0
A61: 2.1.1.7 | B61: 套闸水文监测
A62: （1） | B62: 雷达流速流向仪 | C62: 量程：流速0.1～20m/s 精度：±0.01m/s 分辨率：0.01m/s 通讯接口：RS485/MODUBS 工作频段：24~26.5GHz 防护等级：不低于IP65 流速方向识别：双向自动识别 5年原厂质保 | D62: 套 | E62: 1 | G62: =ROUND(E62*F62,2) -> 0
A63: （2） | B63: 遥测终端机 | C63: RJ45接口：≥1路； 电源输出：≥1路； RS485接口：≥1路； MTBF：≥50000h。 支持数据定时自报、增量上报和召测应答功能； 具有网络检测、电源检测和异常报警功能 | D63: 套 | E63: 1 | G63: =ROUND(E63*F63,2) -> 0
A64: （3） | B64: 安装调试、附件及辅材 | C64: 包括安装、调试，相关线缆、防雷装置等附件，以及相关辅材等所有其他费用 | D64: 套 | E64: 1 | G64: =ROUND(E64*F64,2) -> 0
A65: 2.1.1.8 | B65: 船舶过闸综合辅助终端
A66: （1） | B66: 过闸辅助终端服务器 | C66: CPU：国产化芯片，≥2颗，C86架构：单颗核心数≥20核、主频≥2.4GHz，或ARM架构：单颗核心数≥32核、主频≥2.5GHz支持国产替代和软件适配开发； 内存：≥128G； 硬盘：≥1TB NVME，≥10TB SAS； 网卡：≥2个千兆电口； 电源：≥2个800W电源； 含国产操作系统 五年原厂质保 | D66: 台 | E66: 1 | G66: =ROUND(E66*F66,2) -> 0
A67: （2） | B67: 配套软件 | C67: 详见施工图设计方案 | D67: 项 | E67: 1 | G67: =ROUND(E67*F67,2) -> 0
A68: （3） | B68: 客户端电脑 | C68: 配置：商用台式机，CPU不低于3.3G（四核），不低于16GB内存，不低于1TB固态硬盘.独立显卡不低于2G，板载10-100-1000M 网卡， USB3.0接口，音频输出接口；配套不低于24寸液晶显示器，含键盘鼠标和正版操作系统，五年原厂质保 | D68: 台 | E68: 1 | G68: =ROUND(E68*F68,2) -> 0
A69: 2.1.1.9 | B69: 高清视频改造
A70: (1) | B70: 室外遥控球型摄像机 | C70: 像素不低于400万 1.基础参数： 传感器类型：不小于1/1.8英寸CMOS； 最低照度：彩色：最低照度不高于0.0005Lux，黑白：最低照度不高于0.0001Lux； 光学变倍：不低于32倍； 2.镜头： 焦距：范围不小于6.0mm～192 mm； 聚焦模式：手动、自动； 最大光圈数：性能规格不低于F1.6； 3.补光 补光灯距离：不低于250m； 4.云台： 水平范围：360°； 垂直范围：范围不小于-15°～90°； 水平速度：不低于180°/s，水平预置位转速不低于 180°/s； 垂直速度：不低于75°/s，垂直预置位转速不低于 75°/s； 预置点：不少于300个； 5，视频 视频压缩标准：H.265；H.264；MJPEG； 6.图像 日夜转换模式：自动； 图像防抖：支持 图像增强：强光抑制； 宽动态：宽动态范围不小于120dB； 透雾：支持； 7.接口 网络接口：不少于1个RJ-45网口,自适应10M/100M网络数据； 8.其他 雨刷：支持； 防护等级：不低于IP66； 9.含5年原厂质保 | D70: 台 | E70: 2 | G70: =ROUND(E70*F70,2) -> 0
A71: (2) | B71: 15米立杆 | C71: 新增监控15米立杆，含基础法兰及安装附件等 | D71: 套 | E71: 2 | G71: =ROUND(E71*F71,2) -> 0
A72: (3) | B72: 工业以太网交换机（含光模块） | C72: 全网管二层工业交换机 满足国产自主可控； 千兆电口：≥5; 千兆光口（含光模块）:≥2； 交换容量：≥20G； 包转发率：≥14.88 Mpps； 工作温度：-40℃ ~ +75℃ ； 支持VLAN，支持流量控制；支持QOS，支持SNMP 网管，支持链路聚合 | D72: 台 | E72: 4 | G72: =ROUND(E72*F72,2) -> 0
A73: (4) | B73: 智能机箱（摄像机） | C73: 机箱规格 1.机箱尺寸（净容积） 视频监控机箱：净容积不低于 高 600×宽 500×深 250（mm） 2.机箱材质：不低于1.2mm厚镀锌钢板，机箱表面静电喷塑处理 柜体参数 3.工作环境温度 -20℃～70℃ 4.智能机箱门锁：配置电子锁具，支持远程网络开锁和机械开锁功能 5.状态采集：配置有状态采集装置，能够实现电源状态、网络状态、开关门状态、温湿度和漏电等运行环境基本数据采集； 6.开门抓拍装置：内置摄像头和补光灯，具备开门抓拍功能； 7.散热：箱侧配置不少于2个120mm×120mm成品防尘散热格栅及对应温控风扇； 8.配电装置：机箱配置DIN导轨配电单元，配有微型断路器、40kA通流量单相电源防雷保护装置、接地汇流装置和2位交流电源； 基本功能 9.负载控制：提供不少于4路可控输出，每路负载电源具备独立控制和独立重启功能； 10.电力参数采集：可监测不少于4路负载电源状态，实时采集每路负载电压、电流等参数并显示在后台系统； 11.报警和定位：具备供电供网异常、漏电和箱门开启等报警功能，具备BDS定位功能； 13.机箱外壳防护：防护等级不低于IP55； 14.网络安全：具有内外网络安全隔离网闸功能； 15.数据上传：机箱采集数据能够上传省港航机箱管理系统平台； 16.5年原厂质保 | D73: 台 | E73: 2 | G73: =ROUND(E73*F73,2) -> 0
A74: (5) | B74: 安装调试、附件及辅材 | C74: 包括安装、调试，相关线缆、防雷装置等附件，以及相关辅材等所有其他费用 | D74: 项 | E74: 1 | G74: =ROUND(E74*F74,2) -> 0
A75: 2.1.1.10 | B75: 显示系统升级改造（张家港船闸）
A76: (1) | B76: 55寸液晶拼接屏 | C76: 1）背光类型：LED； 2）分辨率：1920×1080； 3）亮度：500cd/m2； 4）静态对比度：3500:1； 5）双边拼缝：0.88mm； 6）控制方式：RS232串口控制，红外遥控； 7）典型功耗：不超过230W； 8）待机功耗：≤1W； 9）信号 输入：VGA(D-Sub)*1、HDMI*1、RS232(RJ45)*1、USB（升级和多媒体）等； 10）信号 输出：RS232(RJ45)*1等； 11）工作温度：0℃~40℃。 12）支持智能背光控制，可根据图像调节局部背光源的亮度。 13）5年原厂质保 | D76: 台 | E76: 21 | G76: =ROUND(E76*F76,2) -> 0
A77: (2) | B77: 安装支架 | C77: 1）与监控调度中心的整体风格一致，应根据现场实际情况及时调整，满足工作需要； 2）前维护液压支架设计结构合理，模块化设计达到现场能快速安装显示器，同时，保证安装孔位可微调，达到各显示器间的相对位置安装协调。应更换方便快捷，拆装，使用寿命长，易于日常维护，缩短维修时间。要求设备放置于基座上进行可靠固定，内部采用工字钢及角铁进行焊接后进行防腐处理。 3）柜架结构件采用优质冷轧钢板，应有足够的强度和刚度，应能承受所安装屏体重量。以保证其刚性及方正性，表面喷涂为汽车考漆工艺。采用绿色环保、对人体安全的、无刺激性味的材料 | D77: 套 | E77: 1 | G77: =ROUND(E77*F77,2) -> 0
A78: (3) | B78: 视频处理器 | C78: 1）采用可维护性设计，支持输入板卡、输出板卡、预监板卡的热插拔功能，设备无需关机重启和设置，更换板卡后快速恢复之前图层数据，保证画面正常播放；配置不低于24路HDMI输入接口，4路VGA输入接口；不低于24路HDMI输出接口； 2）支持灵活更换输入板卡和输出板卡。 3）设备采用插卡式结构，可监测设备温度、电压在线状态b。 4）设备可满足低温极限工作温度0℃，高温极限工作温度50℃。设备可满足高温高湿工作环境为50℃&85%RH。 5）机箱进风口采用防尘设计，降低设备内部积尘导致的散热、短路等风险，提升产品环境适应性。 整机拼接能力：不少于64路 网口：不少于1个，RJ45，10M/100M/1000M自适应以太网口 USB接口数量：不少于1个，USB 2.0 串行接口：不少于1个 虚拟分屏：支持 单口画面分割数：1/4/6/8/9/16 | D78: 台 | E78: 1 | G78: =ROUND(E78*F78,2) -> 0
A79: (4) | B79: 大屏控制软件 | C79: 1）具备高性能指标，便于操作。系统都能够将数据、图形、静态图片、动画和记分完全集成。 2）操作简便的数据模版可适用于任何地点的任何显示屏。能控制所选的显示屏播放完全相同或不同的内容。完全联网的各组件使操作简便灵活，有效减少操作人员的数量。 3）顺序设计使创建文档变得更加简单，能够调节模组亮度、灰度和色彩设置。配置任意尺寸的便携式显示屏根据客户需要创建图像和信息，能应用多种显示效果。 | D79: 套 | E79: 1 | G79: =ROUND(E79*F79,2) -> 0
A80: (5) | B80: 高清解码器 | C80: 1）支持不少于24路HDMI高清输出； 2）支持H.265、H.264等多种编码码流解码； 3）支持G.722、G.711A等音频格式的解码； 4）支持ONVIF标准协议接入设备，支持GB28181协议接入设备； 5）支持Web方式访问、配置和管理；支持远程重启、恢复默认配置、升级等日常维护。 | D80: 台 | E80: 1 | G80: =ROUND(E80*F80,2) -> 0
A81: (6) | B81: 安装调试、附件及辅材 | C81: 包括安装、调试，相关线缆、防雷装置等附件，以及相关辅材等所有其他费用 | D81: 项 | E81: 1 | G81: =ROUND(E81*F81,2) -> 0
A82: 2.1.1.11 | B82: 增强型AIS系统
A83: (1) | B83: 增强型AIS基站 | C83: 频率范围：156.025～162.025MHz 信道中心频率：AIS1（161.975MHz）、AIS2（162.025MHz）、ASM1（161.95MHz）、ASM2（162.0MHz）； 调制方式：GMSK、QPSK； 接口：≥1路RJ4510M/100M自适应以太网口、≥2路RS232、≥2路RS422、≥1路外部GNSS接口； 发射功率：12.5W； 灵敏度（20%误包率）：优于-115dBm； 网络协议：TCP（server/client可选）或UDP； 工作电源：支持AC220V±20%@50Hz和DC48V±50%两路供电，电源切换设备不掉电； 工作模式：双机热备； 静态功耗：不超过45W； 工作温度：-15℃~55℃； 储存温度：-40℃~75℃； 支持对A类、B类船舶位置信息更新频率查询和指配，提供相应接口服务； 支持AIS动态播发报文频率实时监测； 支持作为客户端主动向指定服务端上传AIS数据。 5年原厂质保 | D83: 台 | E83: 1 | G83: =ROUND(E83*F83,2) -> 0
A84: (2) | B84: VHF天线及馈线 | C84: （1）频率范围：156 MHz～163 MHz （2）工作带宽：7MHz （3）极化方式 垂直极化 （4）方向性 水平全向 （5）天线增益 ≥ 6dBi（ 全向） （6）电压驻波比≤1.5 （7）馈线总损耗：＜3db/100m（f=160MHz） （8）端口阻抗 50Ω | D84: 套 | E84: 1 | G84: =ROUND(E84*F84,2) -> 0
A85: (3) | B85: GNSS天线及馈线 | C85: （1）阻抗50欧姆 （2）频率1568MHz±20MHz （3）极化方式 右旋圆极化 （4）方向性 水平全向 （5）天线增益 ≥38dBi （6）电压驻波比≤1.5 （7）定位模式：可单北斗模式 （8）定位精度：≤10m | D85: 套 | E85: 1 | G85: =ROUND(E85*F85,2) -> 0
A86: (4) | B86: 安装调试、附件及辅材 | C86: 包括安装、调试，相关线缆、防雷装置等附件，以及相关辅材等所有其他费用 | D86: 项 | E86: 1 | G86: =ROUND(E86*F86,2) -> 0
A87: 2.1.1.12 | B87: 通信线缆 | C87: 新增各闸首/尾机房至管理处机房24芯光缆，满足船闸中心机房与四个闸首机房环网需求 | D87: 项 | E87: 1 | G87: =ROUND(E87*F87,2) -> 0
A88: 2.1.1.13 | B88: 数据对接 | C88: 与现有首尾档船舶预警线监测设备数据对接，现有数据接入本次系统 | D88: 项 | E88: 1 | G88: =ROUND(E88*F88,2) -> 0
A89: 2.1.1.14 | B89: 正射影像图 | C89: 1.范围：船闸上下游区域，约长 5 公里*宽 1 公里。 2.成图比例尺：1:1000 3.地面分辨率 (GSD)： ≤ 0.10 米/像素。 4.坐标系：CGCS2000 5.成果格式：GeoTIFF(带坐标，真彩色)。 6.影像质量：清晰、无漏洞、尤其是船闸无明显变形。 7.精度验收：平面中误差≤ 0.30 米(实地) | D89: 项 | E89: 1 | G89: =ROUND(E89*F89,2) -> 0 | H89: 为运调系统服务
A90: 2.1.2 | B90: 虞山船闸
A91: 2.1.2.1 | B91: 远调站船舶吃水、超高检测设备
A92: （1） | B92: 检测相机 | C92: 具体技术要求： 1、不低于400万像素； 2、宽动态：不低于120 dB； 3、最低照度：彩色模式：≤0.0005lx，黑白模式：≤0.0001lx； 4、传感器类型：不小于1/1.8英寸CMOS； 5、焦距：不小于2.8~12 mm，拍摄距离满足本项目检测距离需求； 6、补光：混光（红外+暖白），不低于4颗灯珠，补光距离不小于50m，具备补光自适应功能； 7、视频压缩标准：H.265/H.264/MJPEG； 8、网络：具备RJ45 10 M/100 M/1000 M自适应以太网口、RS-485接口； 9、报警：具备掉线、遮挡报警等功能，提供SDK包二次开发使用； 10、报警信号联动：不少于3路输入、2路输出； 11、具有独立的IP地址，可以直接接入以太网络，并可以通过客户端自动搜索IP地址； 12、供电方式：支持DC12V/PoE供电，具备防反接保护； 13、功能：内置GPU，具备防抖、降噪、加热、除湿等功能，具备防雷、防浪涌保护； 14、工作温湿度：温度不低于-30 °C~60 °C，湿度不低于5%~95%@40℃，无凝结； 15、防护：不低于IP66； 16、含接地、安装支架等配套设备。 17、含五年原厂质保 | D92: 台 | E92: 2 | G92: =ROUND(E92*F92,2) -> 0
A93: （2） | B93: 抓拍相机 | C93: 具体技术要求： 1、不低于800万像素； 2、采用不小于1英寸CMOS； 3、视频采用H.265、H.264或MJPEG编码； 4、图像控制：曝光速度、AGC控制、白平衡方式控制等； 5、压缩输出码率：不低于32 Kbps~16 Mbps； 6、镜头规格：25mm，拍摄距离满足本项目抓拍距离需求； 7、快门速度是 50us到9000us； 8、光圈类型：自动光圈或手动光圈（支持远程调节）； 9、触发输出：不少于4路F+/F-输出接口，作为补光灯同步输出控制； 10、触发输入：不少于1路触发/报警输入； 11、补光：暖白光，不低于3颗灯珠，补光距离不小于40米；具备补光自适应功能； 12、功能：内置GPU，具备防抖、降噪、加热、除湿等功能，具备防雷、防浪涌保护； 13、通讯接口：具备RJ45 10 M/100 M/1000 M自适应以太网口、RS-485接口； 14、报警：具备掉线、遮挡报警等功能，提供SDK包二次开发使用； 15、具有独立的IP地址，可以直接接入以太网络，并可以通过客户端自动搜索IP地址； 16、工作温湿度：温度不低于-30 °C~70 °C，湿度不低于5%~95%@40℃，无凝结； 17、防护：不低于IP66； 18、含接地、安装支架等配套设备； 19、五年原厂质保 | D93: 台 | E93: 2 | G93: =ROUND(E93*F93,2) -> 0
A94: （3） | B94: 长距激光雷达 | C94: 具体技术要求： 1、单帧线束：不低于128线； 2、激光波长：不低于905nm； 3、探测范围：不弱于1.5~400m； 4、探测距离：最远探测距离400m ，在10%反射率条件下≥250m； 5、视场角：不低于(H*V) 120°X 18°； 6、角分辨率：不高于(H*V)0.16°* 0.17°； 7、防水及防尘等级：IP67； 8、测距精度：土3cm(1σ)； 9、帧率：5~20FPS，可调节； 10、工作温度： -40℃~85℃； 11、储存温度：-40℃~105℃； 12、人眼安全等级：Class1(IEC-60825)； 13、额定电压：12/24V DC； 14、额定功率：<20w； 15、数据传输接口：1000Base-T1以太网； 16、点云扫描点频：不低于80万点/秒； 17、时间同步：具备网络时间同步功能； 18、五年原厂质保 | D94: 台 | E94: 2 | G94: =ROUND(E94*F94,2) -> 0
A95: （4） | B95: 补光灯 | C95: 具体技术要求： 1、灯珠：不少于24颗LED光源； 2、补光方式：支持LED频闪、LED爆闪、白光气体爆闪及红外气体爆闪四种补光方式； 3、光源波长：混合光源（红外+暖白光）； 4、发光角度：满足相机实际使用需求； 5、最佳投射距离：不低于20米，满足实际抓拍补光要求； 6、亮度调节： 自动控制； 7、工作环境温度：不低于-30℃ - 60℃； 8、工作环境湿度：湿度小于95%，无凝结； 9、外壳材质：金属铝； 10、防护等级：不低于IP66； 11、安装方式：万向节等安装方式，含安装支架等辅材。 | D95: 台 | E95: 2 | G95: =ROUND(E95*F95,2) -> 0
A96: （5） | B96: AIS接收设备 | C96: 频率范围：156.025MHz~162.025MHz； 信道带宽：25KHz(默认)/12.5kHz； AIS接收机灵敏度：≤-110dBm（20%误包率） 接收范围：≥2km 接口：支持RS232或RS485。 | D96: 台 | E96: 2 | G96: =ROUND(E96*F96,2) -> 0
A97: （6） | B97: 船舶吃水、超高检测计算单元 | C97: 具体技术要求： 1、处理器：单颗处理器，核心数≥20核，主频≥2.0GHz；国产自主可控； 2、内存：≥128GB DDR4，≥2666MHz； 3、硬盘：≥1块SATA SSD 960G硬盘； 4、GPU：显存≥8G，TFLOPS≥242； 5、接口：≥2个千兆网口； 6、工作温度：-10 ~ 60 °C； 7、适用于船闸运行环境，无故障运行时间不低于1万小时； 8、含功能算法，具体技术要求见设计说明书。 9、硬件5年原厂质保。 | D97: 台 | E97: 2 | G97: =ROUND(E97*F97,2) -> 0
A98: （7） | B98: 8米立杆 | C98: 含杆件、横臂、基础、接地及安装配件等 | D98: 根 | E98: 2 | G98: =ROUND(E98*F98,2) -> 0
A99: （8） | B99: 智能机箱（摄像机） | C99: 机箱规格 1.机箱尺寸（净容积） 视频监控机箱：净容积不低于 高 600×宽 500×深 250（mm） 2.机箱材质：不低于1.2mm厚镀锌钢板，机箱表面静电喷塑处理 柜体参数 3.工作环境温度 -20℃～70℃ 4.智能机箱门锁：配置电子锁具，支持远程网络开锁和机械开锁功能 5.状态采集：配置有状态采集装置，能够实现电源状态、网络状态、开关门状态、温湿度和漏电等运行环境基本数据采集； 6.开门抓拍装置：内置摄像头和补光灯，具备开门抓拍功能； 7.散热：箱侧配置不少于2个120mm×120mm成品防尘散热格栅及对应温控风扇； 8.配电装置：机箱配置DIN导轨配电单元，配有微型断路器、40kA通流量单相电源防雷保护装置、接地汇流装置和2位交流电源； 基本功能 9.负载控制：提供不少于4路可控输出，每路负载电源具备独立控制和独立重启功能； 10.电力参数采集：可监测不少于4路负载电源状态，实时采集每路负载电压、电流等参数并显示在后台系统； 11.报警和定位：具备供电供网异常、漏电和箱门开启等报警功能，具备BDS定位功能； 13.机箱外壳防护：防护等级不低于IP55； 14.网络安全：具有内外网络安全隔离网闸功能； 15.数据上传：机箱采集数据能够上传省港航机箱管理系统平台； 16.5年原厂质保 | D99: 套 | E99: 2 | G99: =ROUND(E99*F99,2) -> 0
A100: （9） | B100: 工业以太网交换机（含光模块） | C100: 全网管二层工业交换机 满足国产自主可控； 千兆电口：≥5; 千兆光口（含光模块）:≥2； 交换容量：≥20G； 包转发率：≥14.88 Mpps； 工作温度：-40℃ ~ +75℃ ； 支持VLAN，支持流量控制；支持QOS，支持SNMP 网管，支持链路聚合 | D100: 台 | E100: 4 | G100: =ROUND(E100*F100,2) -> 0
...
