Workbook

Sheet 封面
A1: 苏南运河干（支）线数字化转型升级项目施工项目（SZH-SNSG2标段）
A4: 工程量清单
A6: 招 标 人： | B6: 江苏省交通运输厅港航事业发展中心
A7: 投 标 人： | D7: （电子签章）
A8: 编制时间：

Sheet 工程量说明
A1: 工程量清单说明
A2: 项目名称：苏南运河干（支）线数字化转型升级项目施工项目（SZH-SNSG2标段）
A3: 1.本工程量清单应与招标文件中的投标人须知、通用合同条款、专用合同条款、工程量清单计量规则、技术规范及图纸等一起阅读和理解。
A4: 2.工程量清单中所列工程量的变动，丝毫不会降低或影响合同条款的效力，也不免除承包人按规定的标准进行施工和修复缺陷的责任。
A5: 3.图纸中所列的工程数量表及数量汇总表仅是提供资料，不是工程量清单的外延。当图纸与工程量清单所列数量不一致时，以工程量清单所列数量作为报价的依据。
A6: 4.承包人负责与供电部门协调沟通，负责点位开户挂电表，含供电线路、相关接入设备、设备安装调试、架空或埋地线路等工作量，至交工验收后5年内的合同范围内所有设备系统运行等所发生的电费由承包人承担，上述费用均含在相关细目报价中，不单独计量与支付。
A7: 5.承包人负责网络的接入工作，含通信光缆、相关接入设备、设备安装调试、架空或埋地线路等工作量，至交工验收后5年内的网络租赁和使用费应由承包人承担，具体数量及要求详见设计文件，上述费用均含在相关细目报价中，不单独计量与支付。
A8: 6.杆件（立杆）费用中包含点位所需设备与杆件运输、杆件施工、辅材配件采购、线缆线路敷设、设备及配件安装、绿化破坏补偿恢复等全部费用。
A9: 7.对于工程量清单中所有为完成相关设备或系统安装和调试所需的、但未在工程量清单中列出的辅材(包括设备安装附件、跳纤、尾纤、插头、接头等)，费用包含在清单单价或总价中。
A10: 8.工程量清单中各项金额均以人民币（元）结算。

Sheet 汇总表
A1: 汇总表
A2: =工程量说明!A2 -> 项目名称：苏南运河干（支）线数字化转型升级项目施工项目（SZH-SNSG2标段）
A3: 序号 | B3: 项目名称 | C3: 金额（元）
A4: 一 | B4: 应用软件建设费 | C4: =SUM(工程量清单!G8:G43) -> 0
A5: 二 | B5: 数据工程费 | C5: =SUM(工程量清单!G48:G73) -> 0
A6: 三 | B6: 设备购置及安装调试费 | C6: =SUM(工程量清单!G78:G259) -> 0
A7: 四 | B7: 工程其他费用 | C7: =SUM(工程量清单!G261:G262) -> 0
A8: 五 | B8: 清单小计 | C8: =ROUND(SUM(C4:C7),0) -> 0
A9: 六 | B9: 暂列金（3%） | C9: =ROUND(C8*3%,0) -> 0
A10: 七 | B10: 安全生产费（1.5%） | C10: =ROUND(12820000*1.5%,0) -> 192300
A11: 八 | B11: 工伤保险费（3‰） | C11: =ROUND(12820000*0.3%,0) -> 38460
A12: 总计 | C12: =SUM(C8:C11) -> 230760
B14: 投标人： | C14: （电子签章）
B16: 法定代表人或其授权代理人： | C16: （电子签章）
B18: 日期：

Sheet 工程量清单
A1: 工程量清单
A2: =工程量说明!A2 -> 项目名称：苏南运河干（支）线数字化转型升级项目施工项目（SZH-SNSG2标段）
A3: 序号 | B3: 项目名称 | C3: 主要建设内容 | D3: 单位 | E3: 数量 | F3: 单价 （元） | G3: 小计 （元） | H3: 备注
A4: 一 | B4: 应用软件建设费
A5: 1.1 | B5: 智慧船闸
A6: 1.1.1 | B6: 船闸数字孪生系统
A7: 1.1.1.1 | B7: 数字孪生引擎
A8: （1） | B8: WebGL引擎及二次开发 | C8: 详见施工图设计方案 | D8: 项 | E8: 1 | G8: =ROUND(E8*F8,2) -> 0
A9: （2） | B9: 高渲染引擎及二次开发 | C9: 详见施工图设计方案 | D9: 项 | E9: 1 | G9: =ROUND(E9*F9,2) -> 0
A10: 1.1.1.2 | B10: 数字孪生门户
A11: （1） | B11: 用户登录 | C11: 详见施工图设计方案 | D11: 项 | E11: 1 | G11: =ROUND(E11*F11,2) -> 0
A12: （2） | B12: 门户首页 | C12: 详见施工图设计方案 | D12: 项 | E12: 1 | G12: =ROUND(E12*F12,2) -> 0
A13: 1.1.1.3 | B13: 航网立体监测
A14: （1） | B14: 船舶动态监测 | C14: 详见施工图设计方案 | D14: 项 | E14: 1 | G14: =ROUND(E14*F14,2) -> 0
A15: （2） | B15: 通航环境监测 | C15: 详见施工图设计方案 | D15: 项 | E15: 1 | G15: =ROUND(E15*F15,2) -> 0
A16: （3） | B16: 航标运行监测 | C16: 详见施工图设计方案 | D16: 项 | E16: 1 | G16: =ROUND(E16*F16,2) -> 0
A17: 1.1.1.4 | B17: 数字巡航应用
A18: （1） | B18: 船艇巡航 | C18: 详见施工图设计方案 | D18: 项 | E18: 1 | G18: =ROUND(E18*F18,2) -> 0
A19: （2） | B19: 虚拟巡航 | C19: 详见施工图设计方案 | D19: 项 | E19: 1 | G19: =ROUND(E19*F19,2) -> 0
A20: 1.1.1.5 | B20: 水下养护应用
A21: （1） | B21: 航槽三维监测 | C21: 详见施工图设计方案 | D21: 项 | E21: 1 | G21: =ROUND(E21*F21,2) -> 0
A22: （2） | B22: 航道断面对比 | C22: 详见施工图设计方案 | D22: 项 | E22: 1 | G22: =ROUND(E22*F22,2) -> 0
A23: （3） | B23: 航道浅点分析 | C23: 详见施工图设计方案 | D23: 项 | E23: 1 | G23: =ROUND(E23*F23,2) -> 0
A24: （4） | B24: 河床冲淤分析 | C24: 详见施工图设计方案 | D24: 项 | E24: 1 | G24: =ROUND(E24*F24,2) -> 0
A25: 1.1.1.6 | B25: 数据对接
A26: （1） | B26: 与航道普查系统对接 | C26: 详见施工图设计方案 | D26: 项 | E26: 1 | G26: =ROUND(E26*F26,2) -> 0
A27: （2） | B27: 与各船闸视频监控系统对接 | C27: 详见施工图设计方案 | D27: 项 | E27: 1 | G27: =ROUND(E27*F27,2) -> 0
A28: （3） | B28: 与各航道外场感知系统对接 | C28: 详见施工图设计方案 | D28: 项 | E28: 1 | G28: =ROUND(E28*F28,2) -> 0
A29: （4） | B29: 与运调系统对接 | C29: 详见施工图设计方案 | D29: 项 | E29: 1 | G29: =ROUND(E29*F29,2) -> 0
A30: （5） | B30: 与已建谏壁1号船闸数字孪生系统对接 | C30: 详见施工图设计方案 | D30: 项 | E30: 1 | G30: =ROUND(E30*F30,2) -> 0
A31: 1.1.2 | B31: 市级港航一体化平台（镇江）
A32: 1.1.2.1 | B32: 数据共享交换
A33: （1） | B33: 数据采集 | C33: 复用镇江港航已建数据中台 | D33: 项 | E33: 1 | G33: =ROUND(E33*F33,2) -> 0
A34: （2） | B34: 数据治理 | C34: 复用镇江港航已建数据中台 | D34: 项 | E34: 1 | G34: =ROUND(E34*F34,2) -> 0
A35: （3） | B35: 数据对接 | C35: 详见施工图设计方案 | D35: 项 | E35: 1 | G35: =ROUND(E35*F35,2) -> 0
A36: 1.1.2.2 | B36: 大屏数据综合展现
A37: （1） | B37: 市级智慧航闸一张图 | C37: 详见施工图设计方案 | D37: 项 | E37: 1 | G37: =ROUND(E37*F37,2) -> 0
A38: （2） | B38: 航闸数据孪生集成 | C38: 详见施工图设计方案 | D38: 项 | E38: 1 | G38: =ROUND(E38*F38,2) -> 0
A39: （3） | B39: 航道通航状态展示 | C39: 详见施工图设计方案 | D39: 项 | E39: 1 | G39: =ROUND(E39*F39,2) -> 0
A40: （4） | B40: 船闸运行情况展示 | C40: 详见施工图设计方案 | D40: 项 | E40: 1 | G40: =ROUND(E40*F40,2) -> 0
A41: （5） | B41: 视频监控接入 | C41: 详见施工图设计方案 | D41: 项 | E41: 1 | G41: =ROUND(E41*F41,2) -> 0
A42: （6） | B42: 港口运行情况展示 | C42: 详见施工图设计方案 | D42: 项 | E42: 1 | G42: =ROUND(E42*F42,2) -> 0
A43: 1.1.2.3 | B43: 与沿江港口可视化管理平台对接 | C43: 详见施工图设计方案 | D43: 套 | E43: 1 | G43: =ROUND(E43*F43,2) -> 0
A44: 二 | B44: 数据工程费
A45: 2.1 | B45: 智慧船闸
A46: 2.1.1 | B46: 船闸数字孪生
A47: 2.1.1.1 | B47: 船闸及周边数据采集建模 | C47: 开展单体化建模包括船闸周边环境无人机倾斜摄影、船闸精细建模、重点附属设施设备等
A48: （1） | B48: 倾斜摄影 | C48: 空间精度：平面精度、高程精度应优于0.05m；纹理质量要求：无遮蔽的建筑物，楼体外形清晰、表面光滑；能够精确表示各类树木的高度及轮廓，不允许出现漂浮情况 | D48: 平方公里 | E48: 0.1 | G48: =ROUND(E48*F48,2) -> 0 | H48: 谏壁2号船闸上下游八字墙1km，扫测宽度0.1km
A49: （2） | B49: 船闸精细建模 | C49: 包括闸首边墩、闸首底板、闸室闸墙、闸室底板、桩基式结构、重力式结构、板桩式结构等 | D49: 个 | E49: 1 | G49: =ROUND(E49*F49,2) -> 0
A50: （3） | B50: 重点附属设施设备 | C50: 包括护舷、钢轨、爬梯、踏步、护栏等 | D50: 项 | E50: 1 | G50: =ROUND(E50*F50,2) -> 0
A51: （4） | B51: 船舶建模 | D51: 项 | E51: 1 | G51: =ROUND(E51*F51,2) -> 0
A52: 2.1.1.2 | B52: 数字孪生场景搭建 | C52: 利用航网数字孪生底座，实现模型标准化处理、构建标准化入库、数字孪生场景搭建渲染等，提供适用于WebGL与高渲染的两种场景搭建，并在航网数字孪生底座中实现全省场景集成
A53: （1） | B53: 模型数据检验 | D53: 项 | E53: 1 | G53: =ROUND(E53*F53,2) -> 0
A54: （2） | B54: 模型标准化处理 | D54: 项 | E54: 1 | G54: =ROUND(E54*F54,2) -> 0
A55: （3） | B55: 模型标准化入库 | D55: 项 | E55: 1 | G55: =ROUND(E55*F55,2) -> 0
A56: （4） | B56: 数字孪生场景搭建 | D56: 项 | E56: 1 | G56: =ROUND(E56*F56,2) -> 0
A57: 2.1.2 | B57: 航道数字孪生数据
A58: 2.1.2.1 | B58: 航道周边数据采集建模 | C58: 开展锡澄运河重点区域精细化建模
A59: （1） | B59: 倾斜摄影 | C59: 空间精度：平面精度、高程精度应优于0.05m；纹理质量要求：无遮蔽的建筑物，楼体外形清晰、表面光滑；能够精确表示各类树木的高度及轮廓，不允许出现漂浮情况 | D59: 平方公里 | E59: 5.04 | G59: =ROUND(E59*F59,2) -> 0 | H59: 谏壁至京杭运河与丹金溧漕河交界处剩余未倾斜摄影12.6公里，扫测宽度0.4km
A60: （2） | B60: 航道建模 | C60: 包括航道水域、锚地水域、航标模型、水工结构、水下地形(复用水下扫测数据)等 | D60: 公里 | E60: 25.2 | G60: =ROUND(E60*F60,2) -> 0 | H60: 约25.2km
A61: （3） | B61: 桥梁建模 | C61: 桥梁主体BIM模型创建、模型轻量化处理转换 | D61: 座 | E61: 13 | G61: =ROUND(E61*F61,2) -> 0 | H61: 13座桥
A62: （4） | B62: 停泊区建模 | D62: 个 | E62: 2 | G62: =ROUND(E62*F62,2) -> 0 | H62: 2个停泊区
A63: （5） | B63: 辖区内苏南运河航道采集建模（含护岸、桥梁、航标等粗模） | C63: 航道采集建模宽度0.4km | D63: 公里 | E63: 18 | G63: =ROUND(E63*F63,2) -> 0
A64: 2.1.2.2 | B64: 数字孪生场景搭建 | C64: 利用航网数字孪生底座，实现模型标准化处理、构建标准化入库、数字孪生场景搭建渲染等，提供适用于WebGL与高渲染的两种场景搭建，并在航网数字孪生底座中实现全省场景集成
A65: （1） | B65: 模型数据检验 | D65: 项 | E65: 1 | G65: =ROUND(E65*F65,2) -> 0
A66: （2） | B66: 模型标准化处理 | D66: 项 | E66: 1 | G66: =ROUND(E66*F66,2) -> 0
A67: （3） | B67: 模型标准化入库 | D67: 项 | E67: 1 | G67: =ROUND(E67*F67,2) -> 0
A68: （4） | B68: 数字孪生场景搭建 | D68: 项 | E68: 1 | G68: =ROUND(E68*F68,2) -> 0
A69: 2.1.3 | B69: 与省市系统对接 | D69: 项 | E69: 1 | G69: =ROUND(E69*F69,2) -> 0
A70: 2.2 | B70: 智慧水上服务区
A71: 2.2.1 | B71: 与省市系统对接 | D71: 项 | E71: 1 | G71: =ROUND(E71*F71,2) -> 0
A72: 2.3 | B72: 智慧航道
A73: 2.3.1 | B73: 与省市系统对接 | D73: 项 | E73: 1 | G73: =ROUND(E73*F73,2) -> 0
A74: 三 | B74: 设备购置费
A75: 3.1 | B75: 智慧船闸
A76: 3.1.1 | B76: 谏壁船闸终端
A77: 3.1.1.1 | B77: 船舶身份和数量识别终端
A78: （1） | B78: 检测相机 | C78: 具体技术要求： 1、不低于400万像素； 2、宽动态：不低于120 dB； 3、最低照度：彩色模式：≤0.0005lx，黑白模式：≤0.0001lx； 4、传感器类型：不小于1/1.8英寸CMOS； 5、焦距：不小于2.8~12 mm，拍摄距离满足本项目检测距离需求； 6、补光：混光（红外+暖白），不低于4颗灯珠，补光距离不小于50m，具备补光自适应功能； 7、视频压缩标准：H.265/H.264/MJPEG； 8、网络：具备RJ45 10 M/100 M/1000 M自适应以太网口、RS-485接口； 9、报警：具备掉线、遮挡报警等功能，提供SDK包二次开发使用； 10、报警信号联动：不少于3路输入、2路输出； 11、具有独立的IP地址，可以直接接入以太网络，并可以通过客户端自动搜索IP地址； 12、供电方式：支持DC12V/PoE供电，具备防反接保护； 13、功能：内置GPU，具备防抖、降噪、加热、除湿等功能，具备防雷、防浪涌保护； 14、工作温湿度：温度不低于-30 °C~60 °C，湿度不低于5%~95%@40℃，无凝结； 15、防护：不低于IP66； 16、含接地、安装支架等配套设备。 17、含五年原厂质保 | D78: 台 | E78: 2 | G78: =ROUND(E78*F78,2) -> 0
A79: （2） | B79: 抓拍相机 | C79: 具体技术要求： 1、不低于800万像素； 2、采用不小于1英寸CMOS； 3、视频采用H.265、H.264或MJPEG编码； 4、图像控制：曝光速度、AGC控制、白平衡方式控制等； 5、压缩输出码率：不低于32 Kbps~16 Mbps； 6、镜头规格：25mm，拍摄距离满足本项目抓拍距离需求； 7、快门速度是 50us到9000us； 8、光圈类型：自动光圈或手动光圈（支持远程调节）； 9、触发输出：不少于4路F+/F-输出接口，作为补光灯同步输出控制； 10、触发输入：不少于1路触发/报警输入； 11、补光：暖白光，不低于3颗灯珠，补光距离不小于40米；具备补光自适应功能； 12、功能：内置GPU，具备防抖、降噪、加热、除湿等功能，具备防雷、防浪涌保护； 13、通讯接口：具备RJ45 10 M/100 M/1000 M自适应以太网口、RS-485接口； 14、报警：具备掉线、遮挡报警等功能，提供SDK包二次开发使用； 15、具有独立的IP地址，可以直接接入以太网络，并可以通过客户端自动搜索IP地址； 16、工作温湿度：温度不低于-30 °C~70 °C，湿度不低于5%~95%@40℃，无凝结； 17、防护：不低于IP66； 18、含接地、安装支架等配套设备； 19、五年原厂质保 | D79: 台 | E79: 4 | G79: =ROUND(E79*F79,2) -> 0
A80: （3） | B80: AIS接收设备 | C80: 频率范围：156.025MHz~162.025MHz； 信道带宽：25KHz(默认)/12.5kHz； AIS接收机灵敏度：≤-110dBm（20%误包率） 接收范围：≥2km 接口：支持RS232或RS485。 | D80: 台 | E80: 1 | G80: =ROUND(E80*F80,2) -> 0
A81: （4） | B81: 长距激光雷达 | C81: 具体技术要求： 1、单帧线束：不低于128线； 2、激光波长：不低于905nm； 3、探测范围：不弱于1.5~400m； 4、探测距离：最远探测距离400m ，在10%反射率条件下≥250m； 5、视场角：不低于(H*V) 120°X 18°； 6、角分辨率：不高于(H*V)0.16°* 0.17°； 7、防水及防尘等级：IP67； 8、测距精度：土3cm(1σ)； 9、帧率：5~20FPS，可调节； 10、工作温度： -40℃~85℃； 11、储存温度：-40℃~105℃； 12、人眼安全等级：Class1(IEC-60825)； 13、额定电压：12/24V DC； 14、额定功率：<20w； 15、数据传输接口：1000Base-T1以太网； 16、点云扫描点频：不低于80万点/秒； 17、时间同步：具备网络时间同步功能； 18、五年原厂质保 | D81: 台 | E81: 4 | G81: =ROUND(E81*F81,2) -> 0
A82: （5） | B82: 船舶身份.数量识别计算单元 | C82: 具体技术要求： 1、处理器：单颗处理器，核心数≥8核，主频≥2.2GHz，并与算法匹配；国产自主可控； 2、内存：≥32GB DDR4； 3、硬盘：存储≥512G； 4、GPU：显存≥8GB，AI算力 ≥100 TOPS INT8； 5、接口：≥4个千兆自适应以太网口； 6、工作温度：-10℃~60℃； 7、适用于船闸运行环境，无故障运行时间不低于1万小时； 8、含功能算法，具体技术要求见设计说明书。 9、硬件5年原厂质保。 | D82: 台 | E82: 1 | G82: =ROUND(E82*F82,2) -> 0
A83: （6） | B83: 补光灯 | C83: 1、灯珠：不少于24颗LED光源； 2、补光方式：支持LED频闪、LED爆闪、白光气体爆闪及红外气体爆闪四种补光方式； 3、光源波长：混合光源（红外+暖白光）； 4、发光角度：满足相机实际使用需求； 5、最佳投射距离：不低于20米，满足实际抓拍补光要求； 6、亮度调节： 自动控制； 7、工作环境温度：不低于-30℃ - 60℃； 8、工作环境湿度：湿度小于95%，无凝结； 9、外壳材质：金属铝； 10、防护等级：不低于IP66； 11、安装方式：万向节等安装方式，含安装支架等辅材。 | D83: 台 | E83: 4 | G83: =ROUND(E83*F83,2) -> 0
A84: （7） | B84: 工业以太网交换机（含光模块） | C84: 全网管二层工业交换机 满足国产自主可控； 千兆电口：≥5; 千兆光口（含光模块）:≥2； 交换容量：≥20G； 包转发率：≥14.88 Mpps； 工作温度：-40℃ ~ +75℃ ； 支持VLAN，支持流量控制；支持QOS，支持SNMP 网管，支持链路聚合 | D84: 台 | E84: 8 | G84: =ROUND(E84*F84,2) -> 0
A85: （8） | B85: 智能机箱（摄像机） | C85: 机箱规格 1.机箱尺寸（净容积） 视频监控机箱：净容积不低于 高 600×宽 500×深 250（mm） 2.机箱材质：不低于1.2mm厚镀锌钢板，机箱表面静电喷塑处理 柜体参数 3.工作环境温度 -20℃～70℃ 4.智能机箱门锁：配置电子锁具，支持远程网络开锁和机械开锁功能 5.状态采集：配置有状态采集装置，能够实现电源状态、网络状态、开关门状态、温湿度和漏电等运行环境基本数据采集； 6.开门抓拍装置：内置摄像头和补光灯，具备开门抓拍功能； 7.散热：箱侧配置不少于2个120mm×120mm成品防尘散热格栅及对应温控风扇； 8.配电装置：机箱配置DIN导轨配电单元，配有微型断路器、40kA通流量单相电源防雷保护装置、接地汇流装置和2位交流电源； 基本功能 9.负载控制：提供不少于4路可控输出，每路负载电源具备独立控制和独立重启功能； 10.电力参数采集：可监测不少于4路负载电源状态，实时采集每路负载电压、电流等参数并显示在后台系统； 11.报警和定位：具备供电供网异常、漏电和箱门开启等报警功能，具备BDS定位功能； 13.机箱外壳防护：防护等级不低于IP55； 14.网络安全：具有内外网络安全隔离网闸功能； 15.数据上传：机箱采集数据能够上传省港航机箱管理系统平台； 16.5年原厂质保 | D85: 套 | E85: 4 | G85: =ROUND(E85*F85,2) -> 0
A86: （9） | B86: 8米杆件 | C86: 含安装支架、配件、线缆等 | D86: 套 | E86: 4 | G86: =ROUND(E86*F86,2) -> 0
A87: （10） | B87: 安装调试、附件及辅材 | C87: 包括安装、调试，相关线缆、防雷装置等附件，以及相关辅材等所有其他费用 | D87: 项 | E87: 1 | G87: =ROUND(E87*F87,2) -> 0
A88: 3.1.1.2 | B88: 船舶过闸安全感知
A89: 3.1.1.2.1 | B89: 首尾档船舶预警线监测设备
A90: （1） | B90: 检测相机 | C90: 具体技术要求： 1、不低于400万像素； 2、宽动态：不低于120 dB； 3、最低照度：彩色模式：≤0.0005lx，黑白模式：≤0.0001lx； 4、传感器类型：不小于1/1.8英寸CMOS； 5、焦距：不小于2.8~12 mm，拍摄距离满足本项目检测距离需求； 6、补光：混光（红外+暖白），不低于4颗灯珠，补光距离不小于50m，具备补光自适应功能； 7、视频压缩标准：H.265/H.264/MJPEG； 8、网络：具备RJ45 10 M/100 M/1000 M自适应以太网口、RS-485接口； 9、报警：具备掉线、遮挡报警等功能，提供SDK包二次开发使用； 10、报警信号联动：不少于3路输入、2路输出； 11、具有独立的IP地址，可以直接接入以太网络，并可以通过客户端自动搜索IP地址； 12、供电方式：支持DC12V/PoE供电，具备防反接保护； 13、功能：内置GPU，具备防抖、降噪、加热、除湿等功能，具备防雷、防浪涌保护； 14、工作温湿度：温度不低于-30 °C~60 °C，湿度不低于5%~95%@40℃，无凝结； 15、防护：不低于IP66； 16、含接地、安装支架等配套设备。 17、含五年原厂质保 | D90: 台 | E90: 2 | G90: =ROUND(E90*F90,2) -> 0
A91: （2） | B91: 2D室外线性激光雷达 | C91: 具体技术要求： 1、扫描角度: 270° 2、角度分辨率:0.25° 3、工作区域0.5m~40m; 4、扫描范围:在10%漫反射下30m，在90%漫反射下40m; 5、扫描频率 25Hz; 6、含加热装置; 7、工作环境温度:-40°C~+60°C; 8、储存温度范围:-40°C~+70°C; 9、抗环境光能力：40000lx 10、雾校正：有 11、回波功能：有 12、光学信号显示（用于显示设备状态，脏污报警和输出状态的LED）：有 13、区域组数量：10区域组 14、接口:Ethernet 以太网接口: 15、含配套激光成像软件; 16、防护等级:IP66，室外环境使用。 17、五年原厂质保 | D91: 台 | E91: 2 | G91: =ROUND(E91*F91,2) -> 0
A92: （3） | B92: 声光报警器 | C92: 具体技术要求： 1.声级：≥120dB； 2.发光颜色：红； 3.发光方式：LED频闪发光； 4.接口：≥1个RJ45端口； 5.功能：提供API接口及接口文档，支持定制语音； 6.防护等级：不低于IP65； 7.工作温度：-40℃~70℃； 8.工作湿度：10%~95%（不凝结）； 9.安装方式：壁挂安装； 10.含安装支架等配套设备。 | D92: 套 | E92: 4 | G92: =ROUND(E92*F92,2) -> 0
A93: （4） | B93: 4米立杆 | C93: 含杆件、横臂、基础、接地及安装配件等 | D93: 根 | E93: 4 | G93: =ROUND(E93*F93,2) -> 0
A94: （5） | B94: 首尾档船舶预警线监测计算单元 | C94: 具体技术要求： 1、处理器：单颗处理器，核心数≥8核，主频≥2.2GHz，并与算法匹配；国产自主可控； 2、内存：≥32GB DDR4； 3、硬盘：存储≥512G； 4、GPU：显存≥8GB，AI算力 ≥100 TOPS INT8； 5、接口：≥4个千兆自适应以太网口； 6、工作温度：-10℃~60℃； 7、适用于船闸运行环境，无故障运行时间不低于1万小时； 8、含功能算法，具体技术要求见设计说明书。 9、硬件5年原厂质保。 | D94: 套 | E94: 2 | G94: =ROUND(E94*F94,2) -> 0
A95: （6） | B95: 安装调试、附件及辅材 | C95: 包括安装、调试，相关线缆、防雷装置等附件，以及相关辅材等所有其他费用 | D95: 项 | E95: 1 | G95: =ROUND(E95*F95,2) -> 0
A96: 3.1.1.2.2 | B96: 系缆安全监测设备
A97: （1） | B97: 系缆检测枪机 | C97: 具体技术要求： 1、双通道相机，通道1不低于800万像素，通道2不低于400万像素； 2、宽动态：不低于120 dB； 3、最低照度：通道1：0.001lux（彩色模式）；0.0001lux（黑白模式）；通道2：0.002lux（彩色模式）；0.0002lux（黑白模式）； 4、传感器类型：通道1：不小于1/1.8英寸 CMOS；通道2：不小于1/2.5英寸CMOS； 5、焦距：通道1：不小于10~50mm；通道2：不小于3.6mm；拍摄距离满足本项目检测距离需求； 6、补光：通道1：混合补光，不低于5颗灯珠，补光距离不小于80m；通道2：混合补光，补光距离不小于30m；具备补光自适应功能； 7、视频压缩标准：H.265/H.264/MJPEG； 8、网络：具备RJ45 10 M/100 M/1000 M自适应以太网口、RS-485接口； 9、报警：具备掉线、遮挡报警等功能，提供SDK包开发使用； 10、报警信号联动：不少于3路输入、2路输出； 11、具有独立的IP地址，可以直接接入以太网络，并可以通过客户端自动搜索IP地址； 12、报警信号联动：具备报警输入、输出； 13、工作温湿度：温度不低于-30 °C~60 °C，湿度不低于5%~95%@40℃，无凝结； 14、防护：不低于IP66； 15、含接地、安装支架等配套设备。 16、五年原厂质保 | D97: 台 | E97: 4 | G97: =ROUND(E97*F97,2) -> 0
A98: （2） | B98: 系换缆状态监测计算单元 | C98: 具体技术要求： 1、处理器：单颗处理器，核心数≥8核，主频≥2.2GHz，并与算法匹配；国产自主可控； 2、内存：≥32GB DDR4； 3、硬盘：存储≥512G； 4、GPU：显存≥8GB，AI算力 ≥100 TOPS INT8； 5、接口：≥4个千兆自适应以太网口； 6、工作温度：-10℃~60℃； 7、适用于船闸运行环境，无故障运行时间不低于1万小时； 8、含功能算法，具体技术要求见设计说明书。 9、硬件5年原厂质保。 | D98: 套 | E98: 1 | G98: =ROUND(E98*F98,2) -> 0
A99: （3） | B99: 杆件 | C99: 4米杆件、杆件基础附件及通电通网安装 | D99: 套 | E99: 2 | G99: =ROUND(E99*F99,2) -> 0
A100: （4） | B100: 安装调试、附件及辅材 | C100: 包括安装、调试，相关线缆、防雷装置等附件，以及相关辅材等所有其他费用 | D100: 项 | E100: 1 | G100: =ROUND(E100*F100,2) -> 0
...
