Workbook

Sheet 封面
A1: 苏南运河干（支）线数字化转型升级项目施工项目（SZH-SNSG1标段）
A4: 工程量清单
A6: 招 标 人： | B6: 江苏省交通运输厅港航事业发展中心
A7: 投 标 人： | D7: （电子签章）
A8: 编制时间：

Sheet 说明
A1: 工程量清单说明
A2: 项目名称：苏南运河干（支）线数字化转型升级项目施工项目（SZH-SNSG1标段）
A3: 1.本工程量清单应与招标文件中的投标人须知、通用合同条款、专用合同条款、工程量清单计量规则、技术标准和要求及图纸等一起阅读和理解。
A4: 2.工程量清单中所列工程量的变动，丝毫不会降低或影响合同条款的效力，也不免除承包人按规定的标准进行施工和修复缺陷的责任。
A5: 3.图纸中所列的工程数量表及数量汇总表仅是提供资料，不是工程量清单的外延。当图纸与工程量清单所列数量不一致时，以工程量清单所列数量作为报价的依据。
A6: 4.承包人负责与供电部门协调沟通，负责点位开户挂电表，含供电线路、相关接入设备、设备安装调试、架空或埋地线路等工作量，至交工验收后5年内的合同范围内所有设备系统运行等所发生的电费由承包人承担，上述费用均含在相关细目报价中，不单独计量与支付。
A7: 5.承包人负责网络的接入工作，含通信光缆、相关接入设备、设备安装调试、架空或埋地线路等工作量，至交工验收后5年内的网络租赁和使用费应由承包人承担，具体数量及要求详见设计文件，上述费用均含在相关细目报价中，不单独计量与支付。
A8: 6.杆件（立杆）费用中包含点位所需设备与杆件运输、杆件施工、辅材配件采购、线缆线路敷设、设备及配件安装、绿化破坏补偿恢复等全部费用。
A9: 7.对于工程量清单中所有为完成相关设备或系统安装和调试所需的、但未在工程量清单中列出的辅材(包括设备安装附件、跳纤、尾纤、插头、接头等)，费用包含在清单单价或总价中。
A10: 8.工程量清单中各项金额均以人民币（元）结算。

Sheet 汇总表
A1: 汇总表
A2: =说明!A2 -> 项目名称：苏南运河干（支）线数字化转型升级项目施工项目（SZH-SNSG1标段）
A3: 序号 | B3: 项目名称 | C3: 金额（元）
A4: 一 | B4: 应用软件建设费 | C4: =SUM(工程量清单!G8:G120) -> 0
A5: 二 | B5: 数据工程费 | C5: =SUM(工程量清单!G126:G149) -> 0
A6: 三 | B6: 设备及购置安装费 | C6: =SUM(工程量清单!G155:G402) -> 0
A7: 四 | B7: 工程其他费用 | C7: =SUM(工程量清单!G404:G405) -> 0
A8: 五 | B8: 清单小计 | C8: =ROUND(SUM(C4:C7),0) -> 0
A9: 六 | B9: 暂列金（3%） | C9: =ROUND(C8*3%,0) -> 0
A10: 七 | B10: 安全生产费（1.5%） | C10: =ROUND(21230000*1.5%,0) -> 318450
A11: 八 | B11: 工伤保险费（3‰） | C11: =ROUND(21230000*0.3%,0) -> 63690
A12: 总计 | C12: =SUM(C8:C11) -> 382140
B14: 投标人： | C14: （电子签章）
B16: 法定代表人或其授权代理人： | C16: （电子签章）
B18: 日期：

Sheet 工程量清单
A1: 工程量清单
A2: =说明!A2 -> 项目名称：苏南运河干（支）线数字化转型升级项目施工项目（SZH-SNSG1标段）
A3: 序号 | B3: 项目名称 | C3: 主要建设内容 | D3: 单位 | E3: 数量 | F3: 单价 （元） | G3: 合价 （元） | H3: 备注
A4: 一 | B4: 应用软件建设费
A5: 1.1 | B5: 智慧船闸
A6: 1.1.1 | B6: 航闸数字孪生系统 | H6: 杨家湾船闸、下坝二号船闸
A7: 1.1.1.1 | B7: 数字孪生引擎
A8: -1 | B8: WebGL引擎及二次开发 | C8: 详见施工图设计方案 | D8: 项 | E8: 1 | G8: =ROUND(E8*F8,2) -> 0
A9: -2 | B9: 高渲染引擎及二次开发 | C9: 详见施工图设计方案 | D9: 项 | E9: 1 | G9: =ROUND(E9*F9,2) -> 0
A10: 1.1.1.2 | B10: 数字孪生门户
A11: -1 | B11: 用户登录 | C11: 详见施工图设计方案 | D11: 项 | E11: 1 | G11: =ROUND(E11*F11,2) -> 0
A12: -2 | B12: 门户首页 | C12: 详见施工图设计方案 | D12: 项 | E12: 1 | G12: =ROUND(E12*F12,2) -> 0
A13: 1.1.1.3 | B13: 船闸三维可视化
A14: 1.1.1.3.1 | B14: 多图层智能叠加
A15: -1 | B15: 三维电子地图图层 | C15: 详见施工图设计方案 | D15: 项 | E15: 1 | G15: =ROUND(E15*F15,2) -> 0
A16: -2 | B16: 电子航道图图层 | C16: 详见施工图设计方案 | D16: 项 | E16: 1 | G16: =ROUND(E16*F16,2) -> 0
A17: -3 | B17: 三维/航道图叠加图层 | C17: 详见施工图设计方案 | D17: 项 | E17: 1 | G17: =ROUND(E17*F17,2) -> 0
A18: 1.1.1.3.2 | B18: 多视角智能切换 | C18: 详见施工图设计方案 | D18: 项 | E18: 1 | G18: =ROUND(E18*F18,2) -> 0
A19: 1.1.1.3.3 | B19: 基础设施查询定位
A20: -1 | B20: 树状目录查询 | C20: 详见施工图设计方案 | D20: 项 | E20: 1 | G20: =ROUND(E20*F20,2) -> 0
A21: -2 | B21: 属性检索查询 | C21: 详见施工图设计方案 | D21: 项 | E21: 1 | G21: =ROUND(E21*F21,2) -> 0
A22: 1.1.1.3.4 | B22: 船闸设施可视
A23: -1 | B23: 闸室可视 | C23: 详见施工图设计方案 | D23: 项 | E23: 1 | G23: =ROUND(E23*F23,2) -> 0
A24: -2 | B24: 闸室水下可视 | C24: 详见施工图设计方案 | D24: 项 | E24: 1 | G24: =ROUND(E24*F24,2) -> 0
A25: 1.1.1.3.5 | B25: 关联航道设施可视
A26: -1 | B26: 航道 | C26: 详见施工图设计方案 | D26: 项 | E26: 1 | G26: =ROUND(E26*F26,2) -> 0
A27: -2 | B27: 护岸 | C27: 详见施工图设计方案 | D27: 项 | E27: 1 | G27: =ROUND(E27*F27,2) -> 0
A28: -3 | B28: 水下地形 | C28: 详见施工图设计方案 | D28: 项 | E28: 1 | G28: =ROUND(E28*F28,2) -> 0
A29: -4 | B29: 桥梁 | C29: 详见施工图设计方案 | D29: 项 | E29: 1 | G29: =ROUND(E29*F29,2) -> 0
A30: -5 | B30: 感知设施 | C30: 详见施工图设计方案 | D30: 项 | E30: 1 | G30: =ROUND(E30*F30,2) -> 0
A31: -6 | B31: 停泊区 | C31: 详见施工图设计方案 | D31: 项 | E31: 1 | G31: =ROUND(E31*F31,2) -> 0
A32: 1.1.1.3.6 | B32: 船舶可视
A33: -1 | B33: 类型匹配 | C33: 详见施工图设计方案 | D33: 项 | E33: 1 | G33: =ROUND(E33*F33,2) -> 0
A34: -2 | B34: 尺寸匹配 | C34: 详见施工图设计方案 | D34: 项 | E34: 1 | G34: =ROUND(E34*F34,2) -> 0
A35: 1.1.1.4 | B35: 船闸运营智能监测
A36: 1.1.1.4.1 | B36: 视频汇聚联动
A37: -1 | B37: 视频自动匹配、联动、切换 | C37: 详见施工图设计方案 | D37: 项 | E37: 1 | G37: =ROUND(E37*F37,2) -> 0
A38: -2 | B38: 无人机视频对接 | C38: 详见施工图设计方案 | D38: 项 | E38: 1 | G38: =ROUND(E38*F38,2) -> 0
A39: -3 | B39: 闸室全景视频展示、标注 | C39: 详见施工图设计方案 | D39: 项 | E39: 1 | G39: =ROUND(E39*F39,2) -> 0
A40: 1.1.1.4.2 | B40: 船闸智能监测
A41: -1 | B41: 设备预警提醒信息接入、展示 | C41: 详见施工图设计方案 | D41: 项 | E41: 1 | G41: =ROUND(E41*F41,2) -> 0
A42: -2 | B42: 设备预警配置 | C42: 详见施工图设计方案 | D42: 项 | E42: 1 | G42: =ROUND(E42*F42,2) -> 0
A43: -3 | B43: 设备预警分类 | C43: 详见施工图设计方案 | D43: 项 | E43: 1 | G43: =ROUND(E43*F43,2) -> 0
A44: 1.1.1.4.3 | B44: 调度过闸监测
A45: -1 | B45: 船舶过闸预警提醒信息接入 | C45: 详见施工图设计方案 | D45: 项 | E45: 1 | G45: =ROUND(E45*F45,2) -> 0
A46: -2 | B46: 船舶过闸预警提醒信息动态展示 | C46: 详见施工图设计方案 | D46: 项 | E46: 1 | G46: =ROUND(E46*F46,2) -> 0
A47: 1.1.1.4.4 | B47: 在航船舶监测
A48: -1 | B48: 船舶精准感知 | C48: 详见施工图设计方案 | D48: 项 | E48: 1 | G48: =ROUND(E48*F48,2) -> 0
A49: -2 | B49: 船舶动态显示 | C49: 详见施工图设计方案 | D49: 项 | E49: 1 | G49: =ROUND(E49*F49,2) -> 0
A50: -3 | B50: 船舶基础信息 | C50: 详见施工图设计方案 | D50: 项 | E50: 1 | G50: =ROUND(E50*F50,2) -> 0
A51: 1.1.1.4.5 | B51: 船闸上下游监测
A52: -1 | B52: 船舶航行态势感知 | C52: 详见施工图设计方案 | D52: 项 | E52: 1 | G52: =ROUND(E52*F52,2) -> 0
A53: -2 | B53: 通航环境监测 | C53: 详见施工图设计方案 | D53: 项 | E53: 1 | G53: =ROUND(E53*F53,2) -> 0
A54: 1.1.1.5 | B54: 船舶过闸智能监测
A55: 1.1.1.5.1 | B55: 待闸运行监测
A56: -1 | B56: 待闸过程实时模拟 | C56: 详见施工图设计方案 | D56: 项 | E56: 1 | G56: =ROUND(E56*F56,2) -> 0
A57: -2 | B57: 船舶待闸信息展示 | C57: 详见施工图设计方案 | D57: 项 | E57: 1 | G57: =ROUND(E57*F57,2) -> 0
A58: -3 | B58: 预警提醒显示、高亮 | C58: 详见施工图设计方案 | D58: 项 | E58: 1 | G58: =ROUND(E58*F58,2) -> 0
A59: 1.1.1.5.2 | B59: 进闸运行监测
A60: -1 | B60: 待闸过程实时模拟 | C60: 详见施工图设计方案 | D60: 项 | E60: 1 | G60: =ROUND(E60*F60,2) -> 0
A61: -2 | B61: 船舶进闸信息展示 | C61: 详见施工图设计方案 | D61: 项 | E61: 1 | G61: =ROUND(E61*F61,2) -> 0
A62: -3 | B62: 预警提醒显示、高亮 | C62: 详见施工图设计方案 | D62: 项 | E62: 1 | G62: =ROUND(E62*F62,2) -> 0
A63: -4 | B63: 闸阀门控制 | C63: 详见施工图设计方案 | D63: 项 | E63: 1 | G63: =ROUND(E63*F63,2) -> 0
A64: 1.1.1.5.3 | B64: 过闸运行监测
A65: -1 | B65: 过闸过程实时模拟 | C65: 详见施工图设计方案 | D65: 项 | E65: 1 | G65: =ROUND(E65*F65,2) -> 0
A66: -2 | B66: 水位动态模拟 | C66: 详见施工图设计方案 | D66: 项 | E66: 1 | G66: =ROUND(E66*F66,2) -> 0
A67: -3 | B67: 船舶过闸信息展示 | C67: 详见施工图设计方案 | D67: 项 | E67: 1 | G67: =ROUND(E67*F67,2) -> 0
A68: -4 | B68: 预警提醒显示、高亮 | C68: 详见施工图设计方案 | D68: 项 | E68: 1 | G68: =ROUND(E68*F68,2) -> 0
A69: 1.1.1.5.4 | B69: 预警事件管理
A70: -1 | B70: 预警事件查询 | C70: 详见施工图设计方案 | D70: 项 | E70: 1 | G70: =ROUND(E70*F70,2) -> 0
A71: -2 | B71: 预警事件回放 | C71: 详见施工图设计方案 | D71: 项 | E71: 1 | G71: =ROUND(E71*F71,2) -> 0
A72: -3 | B72: 预警事件监测 | C72: 详见施工图设计方案 | D72: 项 | E72: 1 | G72: =ROUND(E72*F72,2) -> 0
A73: -4 | B73: 预警事件复核 | C73: 详见施工图设计方案 | D73: 项 | E73: 1 | G73: =ROUND(E73*F73,2) -> 0
A74: 1.1.1.5.5 | B74: 船闸运营报告
A75: -1 | B75: 基本情况 | C75: 详见施工图设计方案 | D75: 项 | E75: 1 | G75: =ROUND(E75*F75,2) -> 0
A76: -2 | B76: 预警指标详情 | C76: 详见施工图设计方案 | D76: 项 | E76: 1 | G76: =ROUND(E76*F76,2) -> 0
A77: -3 | B77: 船舶行为预警详情 | C77: 详见施工图设计方案 | D77: 项 | E77: 1 | G77: =ROUND(E77*F77,2) -> 0
A78: 1.1.1.6 | B78: 船闸现地部署适配 | C78: 详见施工图设计方案 | D78: 项 | E78: 2 | G78: =ROUND(E78*F78,2) -> 0
A79: 1.1.1.7 | B79: 航道数字孪生 | H79: 围绕个船闸需求对页面进行适配
A80: 1.1.1.7.1 | B80: 航网立体监测
A81: -1 | B81: 船舶动态监测 | C81: 详见施工图设计方案 | D81: 项 | E81: 1 | G81: =ROUND(E81*F81,2) -> 0
A82: -2 | B82: 通航环境监测 | C82: 详见施工图设计方案 | D82: 项 | E82: 1 | G82: =ROUND(E82*F82,2) -> 0
A83: -3 | B83: 航标运行监测 | C83: 详见施工图设计方案 | D83: 项 | E83: 1 | G83: =ROUND(E83*F83,2) -> 0
A84: 1.1.1.7.2 | B84: 数字巡航应用
A85: -1 | B85: 船艇巡航 | C85: 详见施工图设计方案 | D85: 项 | E85: 1 | G85: =ROUND(E85*F85,2) -> 0
A86: -2 | B86: 虚拟巡航 | C86: 详见施工图设计方案 | D86: 项 | E86: 1 | G86: =ROUND(E86*F86,2) -> 0
A87: 1.1.1.7.3 | B87: 水下养护应用
A88: -1 | B88: 航槽三维监测 | C88: 详见施工图设计方案 | D88: 项 | E88: 1 | G88: =ROUND(E88*F88,2) -> 0
A89: -2 | B89: 航道断面对比 | C89: 详见施工图设计方案 | D89: 项 | E89: 1 | G89: =ROUND(E89*F89,2) -> 0
A90: -3 | B90: 航道浅点分析 | C90: 详见施工图设计方案 | D90: 项 | E90: 1 | G90: =ROUND(E90*F90,2) -> 0
A91: -4 | B91: 河床冲淤分析 | C91: 详见施工图设计方案 | D91: 项 | E91: 1 | G91: =ROUND(E91*F91,2) -> 0
A92: 1.1.1.7 | B92: 数据对接
A93: -1 | B93: 与航道普查系统对接 | C93: 详见施工图设计方案 | D93: 项 | E93: 1 | G93: =ROUND(E93*F93,2) -> 0
A94: -2 | B94: 与各船闸视频监控系统对接 | C94: 详见施工图设计方案 | D94: 项 | E94: 2 | G94: =ROUND(E94*F94,2) -> 0
A95: -3 | B95: 与各船闸关联航道外场感知系统对接 | C95: 详见施工图设计方案 | D95: 项 | E95: 2 | G95: =ROUND(E95*F95,2) -> 0
A96: -4 | B96: 与运调系统对接 | C96: 详见施工图设计方案 | D96: 项 | E96: 1 | G96: =ROUND(E96*F96,2) -> 0
A97: -5 | B97: 与船闸机电设备故障诊断系统对接 | D97: 项 | E97: 1 | G97: =ROUND(E97*F97,2) -> 0
A98: 1.1.2 | B98: 市级航闸一体化平台
A99: 1.1.2.1 | B99: 地市航闸基础数据共享交换
A100: -1 | B100: 数据采集 | C100: 详见施工图设计方案 | D100: 项 | E100: 1 | G100: =ROUND(E100*F100,2) -> 0
...
